!起始函號	!大正藏	!永樂北	!永樂北函	!乾隆	!乾隆函	!經名	!作譯者	!卷數
伐10	0403	0070	(伐)	0070	(伐)	阿差末菩薩經	西晉 竺法護譯	7
服03	0313	0025	(服)	0025	(服)	阿閦佛國經	後漢 支婁迦讖譯	2
藁09	0921	1412	(槀)	1413	(槁)	阿閦如來念誦供養法	唐 不空譯	1
既10	1508	1331	(既)	1332	(既)	阿含口解十二因緣經	後漢 安玄共嚴佛調譯	1
敬06	0151	0682	(敬)	0683	(敬)	佛說阿含正行經	後漢 安世高譯	1
敬09	0529	0699	(敬)	0700	(敬)	佛說阿鳩留經	失譯	1
流05	1039	1015	(流)	1016	(流)	阿唎多羅陀羅尼阿嚕力經	唐 不空譯	1
臨09	0126	0891	(臨)	0892	(臨)	佛說阿羅漢具德經	宋 法賢譯	1
	0370	0480	(行)	0481	(行)	阿彌陀鼓音聲王陀羅尼經	失譯	1
	0373	0197	(貞)	0198	(貞)	後出阿彌陀佛偈	失譯	1
	0362	0023	(乃)	0023	(乃)	佛說阿彌陀三耶三佛薩樓佛檀過度人道經	吳 支謙譯	2
貞02	0366	0195	(貞)	0196	(貞)	佛說阿彌陀經	姚秦 鳩摩羅什譯	1
百07	1759	1595	(百)	1527	(曲)	阿彌陀經疏	新羅 元曉述	1
慶09	0140	0644	(慶)	0645	(慶)	阿那邠邸化七子經	後漢 安世高譯	1
緣04	0046	0558	(緣)	0559	(緣)	阿那律八念經	後漢 支曜譯	1
慶01	0495	0632	(慶)	0633	(慶)	佛說阿難分別經	乞伏秦 釋法堅譯	1
孝08	0494	0713	(孝)	0714	(孝)	阿難七夢經	東晉 竺曇無蘭譯	1
敬07	0493	0691	(敬)	0692	(敬)	佛說阿難四事經	吳 支謙譯	1
善10	0149	0628	(善)	0629	(善)	佛說阿難同學經	後漢 安世高譯	1
	1013	0353	(莫)	0354	(莫)	阿難陀目佉尼呵離陀經	劉宋 求那跋陀羅譯	1
	1015	0352	(莫)	0353	(莫)	佛說阿難陀目佉尼呵離陀[阿-可+(嶙-山)]尼經	元魏 佛馱扇多譯	1
慶01	0492b	0630	(慶)	0631	(慶)	阿難問事佛吉凶經	後漢 安世高譯	1
	0058	0563	(緣)	0564	(緣)	阿耨風經	東晉 竺曇無蘭譯	1
縻10	1545	1255	(心-縻)	1256	(心-縻)	阿毘達磨大毘婆沙論	五百大阿羅漢等造　唐 玄奘譯	200
啟10	1544	1267	(傍啟)	1268	(傍啟)	阿毘達磨發智論	迦多衍尼子造　唐 玄奘譯	20
陛10	1537	1288	(陛)	1289	(陛)	阿毘達磨法蘊足論	尊者大目乾連造　唐 玄奘譯	12
楹10	1553	1270	(楹)	1271	(楹)	阿毘曇甘露味論	尊者瞿沙造　失譯	2
退07	1605	1191	(退)	1192	(退)	大乘阿毘達磨集論	無著菩薩造　唐 玄奘譯	7
帳10	1536	1268	(甲帳)	1269	(甲帳)	阿毘達磨集異門足論	尊者舍利子說　唐 玄奘譯	20
席08	1540	1274	(席)	1275	(席)	阿毘達磨界身足論	尊者世友造　唐 玄奘譯	3
飛10	1558	1259	(樓觀飛)	1260	(樓觀飛)	阿毘達磨俱舍論	尊者世親造　唐 玄奘譯	30
畫04	1560	1262	(畫)	1263	(畫)	阿毘達磨俱舍論本頌	世親菩薩造　唐 玄奘譯	1
畫02	1559	1261	(禽獸畫)	1262	(禽獸畫)	阿毘達磨俱舍釋論	婆藪盤豆造　陳 真諦譯	22
楹08	1542	1269	(對楹)	1270	(對楹)	阿毘達磨品類足論	尊者世友造　唐 玄奘譯	18
席06	1539	1273	(設席)	1274	(設席)	阿毘達磨識身足論	提婆設摩造　唐 玄奘譯	16
涇10	1562	1257	(背-涇)	1258	(背-涇)	阿毘達磨順正理論	尊者眾賢造　唐 玄奘譯	80
箴06	1606	1171	(磨箴)	1172	(磨箴)	大乘阿毘達磨雜集論	安慧菩薩糅　唐 玄奘譯	16
鬱10	1563	1258	(宮-鬱)	1259	(宮-鬱)	阿毘達磨藏顯宗論	尊者眾賢造　唐 玄奘譯	40
靈10	1543	1265	(彩仙靈)	1266	(彩仙靈)	阿毘曇八犍度論	迦栴延子造　符秦 僧伽提婆共竺佛念譯	30
京10	1546	1256	(都-京)	1257	(都-京)	阿毘曇毘婆沙論	迦旃延子造　五百羅漢釋　北涼 浮陀跋摩共道泰等譯	60
墳07	1557	1338	(墳)	1339	(墳)	阿毘曇五法行經	後漢 安世高譯	1
瑟10	1550	1280	(瑟)	1281	(瑟)	阿毘曇心論	尊者法勝造　晉 僧迦提婆共慧遠等譯	4
慶02	0141	0637	(慶)	0638	(慶)	佛說阿遫達經	劉宋 求那跋陀羅譯	1
蓋10	0266	0146	(蓋)	0146	(蓋)	佛說阿惟越致遮經	西晉 竺法護譯	3
墳06	2043	1335	(墳)	1336	(墳)	阿育王經	梁 僧伽婆羅譯	10
	2044	1336	(墳)	1337	(墳)	天尊說阿育王譬喻經	失譯	1
	2045	1359	(群)	1360	(群)	阿育王息壞目因緣經	符秦 曇摩難提譯	1
漆06	2042	1451	(漆)	1452	(漆)	阿育王傳	西晉 安法欽譯	7
	1237	0469	(行)	0470	(行)	阿吒婆拘鬼神大將上佛陀羅尼神咒經	失譯	1
惟06	0626	0169	(帷)	0170	(帷)	佛說阿闍世王經	後漢 支婁迦讖譯	2
	0337	0039	(衣)	0039	(衣)	佛說阿闍貰王女阿術達菩薩經	西晉 竺法護譯	1
	0509	0267	(良)	0268	(良)	阿闍世王授決經	西晉 法炬譯	1
敬10	0508	0708	(敬)	0709	(敬)	阿闍世王問五逆經	西晉 法炬譯	1
	1394	0473	(行)	0474	(行)	佛說安宅神咒經	失譯	1
信02	0429	0405	(信)	0406	(信)	佛說八部佛名經	元魏 瞿曇般若流支譯	1
	1684	1065	(言)	1066	(言)	八大靈塔梵讚	西天戒日王製　宋 法賢譯	1
臨09	1685	0892	(臨)	0893	(臨)	佛說八大靈塔名號經	宋 法賢譯	1
	1168A	0874	(臨)	0875	(臨)	佛說大乘八大曼拏羅經	宋 法賢譯	1
斯07	0490	0991	(斯)	0992	(斯)	佛說八大菩薩經	宋 法賢譯	1
斯01	1167	0975	(斯)	0976	(斯)	八大菩薩曼荼羅經	唐 不空譯	1
維02	0779	0507	(維)	0508	(維)	佛說八大人覺經	後漢 安世高譯	1
知03	0431	0297	(知)	0298	(知)	八佛名號經	隋 闍那崛多譯	1
敬09	0089	0696	(敬)	0697	(敬)	八關齋經	劉宋 沮渠京聲譯	1
知03	0430	0296	(知)	0297	(知)	八吉祥經	梁 僧伽婆羅譯	1
知03	0427	0294	(知)	0295	(知)	佛說八吉祥神咒經	吳 支謙譯	1
行04	1365	0486	(行)	0487	(行)	八名普密陀羅尼經	唐 玄奘譯	1
敬10	0581	0705	(敬)	0706	(敬)	佛說八師經	吳 支謙譯	1
敦02	1865	1638	(敦)	1628	(藝)	八識規矩補註	明 普泰補註	2
孝09	0756	0723	(孝)	0724	(孝)	佛說八無暇有暇經	唐 義淨譯	1
知03	0428	0295	(知)	0296	(知)	佛說八陽神咒經	西晉 竺法護譯	1
慶10	0112	0654	(慶)	0655	(慶)	佛說八正道經	後漢 安世高譯	1
凊01	1498	0963	(清)	0964	(清)	佛說八種長養功德經	宋 法護等譯	1
行06	1396	0494	(行)	0495	(行)	佛說拔除罪障咒王經	唐 義淨譯	1
行04	1395	0485	(行)	0486	(行)	拔濟苦難陀羅尼經	唐 玄奘譯	1
罪06	0419	0072	(罪)	0072	(罪)	拔陂菩薩經	失譯	1
	0368	0196	(盧)	0197	(貞)	拔一切業障根本得生淨土神咒	劉宋 求那跋陀羅重譯	1
	0368-t1	0196-t1	(盧)	0197-t1	(貞)	附阿彌陀經不思議神力傳		1
	0010	0946	(夙)	0947	(夙)	白衣金幢二婆羅門緣起經	宋 施護等譯	3
敦03	1614	1205	(沛)	1206	(沛)	大乘百法明門論	天親菩薩造　唐 玄奘譯	1
信02	0444	0406	(信)	0407	(信)	佛說百佛名經	隋 那連提耶舍譯	1
良04	0661	0259	(良)	0260	(良)	大乘百福相經	唐 地婆訶羅譯	1
良04	0662	0260	(良)	0261	(良)	大乘百福莊嚴相經	唐 地婆訶羅譯	1
造09	1569	1180	(造)	1181	(造)	百論	提婆菩薩造　婆藪開士釋　姚秦 鳩摩羅什譯	2
行07	1369b	0498	(行)	0499	(行)	百千印陀羅尼經	唐 實叉難陀譯	1
群02	0209	1356	(群)	1357	(群)	百喻經	僧伽斯那撰　蕭齊 求那毘地譯	4
逸04	1572	1246	(逸)	1247	(逸)	百字論	提婆菩薩造　後魏 菩提流支譯	1
	2025	1634	(黜)	1614	(本於)	[束*力]修百丈清規	元 德煇重編	8
白10	0378	0112	(白)	0112	(白)	佛說方等般泥洹經	西晉 竺法護譯	2
福08	0006	0115	(駒)	0115	(駒)	般泥洹經	失譯	2
食10	0391	0121	(食)	0121	(食)	般泥洹後灌臘經	西晉 竺法護譯	1
	1004	1443	(隸)	1444	(隸)	般若波羅蜜多理趣經大樂不空三昧真實金剛薩埵菩薩等一十七聖大曼荼羅義述	唐 不空譯	1
翔08	0251	0017	(翔)	0017	(翔)	般若波羅蜜多心經	唐 玄奘譯	1
百03	1712	1591	(百)	1496	(勒)	般若波羅蜜多心經略疏	唐 法藏述	1
	1714	1606	(主)	1618	(務)	般若波羅蜜多心經註解	明 宗[江-工+防]．如[王*巳]同註	1
	1566	1177	(惻造)	1178	(惻造)	般若燈論釋	偈本龍樹菩薩　釋論分別明菩薩　唐 波羅頗蜜多羅譯	15
百05	1713	1592	(百)			般若心經略疏連珠記	宋 師會述	2
伐03	0418	0069	(伐)	0069	(伐)	般舟三昧經	後漢 支婁迦讖譯	3
男04	0831	0238	(男)	0239	(男)	謗佛經	元魏 菩提流支譯	1
服08	0317	0029	(服)	0029	(服)	佛說胞胎經	西晉 竺法護譯	1
夙03	1377	0934	(夙)	0935	(夙)	佛說寶帶陀羅尼經	宋 施護譯	1
	1526	1234	(靜)	1235	(靜)	寶髻經四法憂波提舍	天親菩薩造　元魏 毘目智仙譯	1
才01	0356	0246	(才)	0247	(才)	佛說寶積三昧文殊師利菩薩問法身經	後漢 安世高譯	1
恭10	0462	0165	(恭)	0165	(恭)	大方廣寶篋經	劉宋 求那跋陀羅譯	3
發04	0399	0076	(發)	0076	(發)	寶女所問經	西晉 竺法護譯	4
才10	0637	0253	(才)	0254	(才)	佛說寶如來三昧經	東晉 祇多蜜譯	2
盡01	1412	0832	(盡)	0833	(盡)	佛說寶生陀羅尼經	宋 施護譯	1
深03	0488	0911	(深)	0912	(深)	寶授菩薩菩提行經	宋 法賢譯	1
彼10	0433	0380	(彼)	0381	(彼)	佛說寶網經	西晉 竺法護譯	1
深02	1285	0902	(深)	0903	(深)	佛說寶賢陀羅尼經	宋 法賢譯	1
殷08	0402	0080	(殷)	0080	(殷)	寶星陀羅尼經	唐 波羅頗蜜多羅譯	10
逸03	1656	1245	(逸)	1246	(逸)	寶行王正論	陳 真諦譯	1
星10	1635	1303	(星)	1304	(星)	大乘寶要義論	宋 法護等譯	10
此10	0660	0147	(此)	0147	(此)	佛說寶雨經	唐 達摩流支譯	10
則09	0437	0820	(則)	0821	(則)	大乘寶月童子問法經	宋 施護譯	1
身07	0658	0148	(身)	0148	(身)	寶雲經	梁 曼陀羅仙譯	7
敦10	1857	1642	(敦)	1462	(書)	寶藏論	後秦 僧肇著	1
	1283	1040	(止)	1041	(止)	佛說寶藏神大明曼拏羅儀軌經	宋 法天譯	2
知03	0686	0299	(知)	0300	(知)	佛說報恩奉盆經	失譯	1
及10	0157	0138	(及)	0138	(及)	悲華經	北涼 曇無讖譯	10
良08	0713	0273	(良)	0274	(良)	貝多樹下思惟十二因緣經	吳 支謙譯	1
興08	0159	0949	(興)	0950	(興)	大乘本生心地觀經	唐 般若譯	8
孝07	0765	0709	(孝)	0710	(孝)	本事經	唐 玄奘譯	7
	0036	0596	(善)	0597	(善)	本相猗致經	後漢 安世高譯	1
孝09	0503	0720	(孝)	0721	(孝)	比丘避女惡名欲自殺經	西晉 法炬譯	1
	1427	1144	(隨)	1145	(隨)	摩訶僧祇比丘尼戒本	東晉 法顯共覺賢譯	1
	2063	1489	(微)	1467	(俠)	比丘尼傳	梁 寶唱撰	4
當04	0504	0731	(當)	0732	(當)	比丘聽施經	東晉 曇無蘭譯	1
則09	1480	0818	(則)	0819	(則)	佛說苾芻迦尸迦十法經	宋 法天譯	1
則09	1479	0817	(則)	0818	(則)	佛說苾芻五法經	宋 法天譯	1
	1406	0475	(行)	0476	(行)	佛說辟除賊害咒經	舊失譯人名今附東晉錄	1
	1407	0889	(臨)	0890	(臨)	佛說辟除諸惡陀羅尼經	宋 法賢譯	1
緣09	0090	0576	(緣)	0577	(緣)	鞞摩肅經	劉宋 求那跋陀羅譯	1
筵08	1547	1271	(肆筵)	1272	(肆筵)	鞞婆沙論	尸陀槃尼撰　符秦 僧伽跋澄譯	14
緣06	0067	0569	(緣)	0570	(緣)	弊魔試目連經	吳 支謙譯	1
命09	0242	0856	(命)	0857	(命)	佛說遍照般若波羅蜜經	宋 施護譯	1
潔06	0830	0218	(潔)	0219	(潔)	大乘遍照光明藏無字法門經	唐 地婆訶羅再譯	1
岳05	2116	1599	(嶽)	1615	(於)	辯偽錄	元 祥邁撰	5
	0544	0763	(當)	0764	(當)	辯意長者子經	後魏 法場譯	1
旦09	2110	1493	(旦)	1517	(奄)	辯正論	唐 法琳撰	8
靜10	1600	1237	(靜)	1238	(靜)	辯中邊論	世親菩薩造　唐 玄奘譯	3
靜10	1601	1238	(靜)	1239	(靜)	辯中邊論頌	彌勒菩薩說　唐 玄奘譯	1
因08	0100	0541	(禍因)	0542	(禍因)	別譯雜阿含經	失譯	16
	1690	1339	(墳)	1340	(墳)	賓頭盧突羅闍為優陀延王說法經	劉宋 求那跋陀羅譯	1
	1384	0882	(臨)	0883	(臨)	佛說[金*本]蘭那賒[口*縛]哩大陀羅尼經	宋 法賢譯	1
	1426	1152	(外)	1153	(外)	摩訶僧祇律大比丘戒本	東晉 佛陀跋陀羅譯	1
	0122	0609	(善)	0610	(善)	佛說波斯匿王太后崩塵土坌身經	西晉 法炬譯	1
	0790	0374	(彼)	0375	(彼)	佛說孛經抄	吳 支謙譯	1
則02	0705	0804	(則)	0805	(則)	佛說布施經	宋 法賢譯	1
席10	2033	1277	(席)	1278	(席)	部執異論	天友菩薩造　陳 真諦譯	1
被10	0645	0128	(被)	0128	(被)	不必定入定入印經	元魏 瞿曇般若流支譯	1
	1202	1418	(鍾)	1419	(鍾)	不動使者陀羅尼祕密法	唐 金剛智譯	1
	1002	0996	(斯)	0997	(斯)	不空[罩-卓+絹]索毘盧遮那佛大灌頂光真言	唐 不空譯	1
	1092	0312	(必改得)	0313	(必改得)	不空[罩-卓+絹]索神變真言經	唐 菩提流志譯	30
	1094	0311	(過)	0312	(過)	不空[罩-卓+絹]索神咒心經	唐 玄奘譯	1
	1096	0309	(過)	0310	(過)	不空[罩-卓+絹]索陀羅尼經	唐 李無諂譯	1
	1097	0308	(過)	0309	(過)	不空[罩-卓+絹]索陀羅尼自在王咒經	唐 寶思惟譯	3
	1093	0307	(過)	0308	(過)	不空[罩-卓+絹]索咒經	隋 闍那崛多譯	1
	1095	0310	(過)	0311	(過)	不空[罩-卓+絹]索咒心經	唐 菩提流志譯	1
信04	0445	0407	(信)	0408	(信)	佛說不思議功德諸佛所護念經	失譯	2
短07	0484	0391	(短)	0392	(短)	不思議光菩薩所說經	後秦 鳩摩羅什譯	1
	0843	0930	(薄)	0931	(薄)	佛說大乘不思議神通境界經	宋 施護譯	3
髮06	0267	0153	(發)	0153	(發)	不退轉法輪經	失譯	4
	0668	0519	(維)	0520	(維)	佛說不增不減經	元魏 菩提流支譯	1
慶10	0107	0650	(慶)	0651	(慶)	佛說不自守意經	吳 支謙譯	1
	0510	0268	(良)	0269	(良)	採花違王上佛授決號妙花經	東晉 竺曇無蘭譯	1
公10	1909	1501	(公)	1466	(路)	慈悲道場懺法	梁 諸大法師集撰	10
輔10	1910	1515	(輔)	1570	(馳)	慈悲水懺法	失譯撰人名	3
臨08	1143	0884	(臨)	0885	(臨)	佛說慈氏菩薩誓願陀羅尼經	宋 法賢譯	1
	0710	0957	(興)	0958	(興)	慈氏菩薩所說大乘緣生稻[卄/幹]喻經	唐 不空譯	1
深03	1142	0909	(深)	0910	(深)	佛說慈氏菩薩陀羅尼	宋 法賢譯	1
	0573	0456	(景)	0457	(景)	差摩婆帝授記經	元魏 菩提流支譯	1
	0616	1334	(集)	1335	(集)	禪法要解	姚秦 鳩摩羅什譯	2
黍10	2022	1630	(黍)	1586	(九)	禪林寶訓	宋 淨善重集	4
約10	1919	1553				天台智者大師禪門口訣	隋 智顗說	1
	0613	0773	(竭)	0774	(竭)	禪祕要法經	姚秦 鳩摩羅什等譯	3
敬03	0605	0678	(敬)	0679	(敬)	禪行法想經	後漢 安世高譯	1
孝09	0604	0719	(孝)	0720	(孝)	佛說禪行三十七品經	後漢 安世高譯	1
	0609	1352	(聚)	1353	(聚)	禪要經	失譯	1
敦07	2015	1639	(敦)	1565	(沙)	禪源諸詮集都序	唐 宗密述	2
素09	2021	1645	(素)			禪宗決疑集	元 智徹述	1
		1652	(雞田赤)			禪宗頌古聯珠通集	宋 法應集　元 普會續集	40
	2013	1577	(起)	1544	(俊)	禪宗永嘉集	唐 玄覺撰	1
		1633	(勸賞)			禪宗正[月*永]	明 如巹集	10
禍02	0001	0540	(習聽)	0541	(習聽禍)	長阿含經	後秦 佛陀耶舍共竺佛念譯	22
	0013	0543	(因)	0544	(因)	長阿含十報法經	後漢 安世高譯	2
羊10	0161	0450	(羊)	0451	(羊)	長壽王經	失譯	1
當04	0584	0729	(當)	0730	(當)	長爪梵志請問經	唐 義淨譯	1
短09	0638	0392	(短)	0393	(短)	佛說超日明三昧經	西晉 聶承遠譯	2
靡10	0434	0397	(靡)	0398	(靡)	佛說稱揚諸佛功德經	元魏 吉迦夜譯	3
	0840	0271	(良)	0272	(良)	稱讚大乘功德經	唐 玄奘譯	1
	0367	0194	(貞)	0195	(貞)	稱讚淨土佛攝受經	唐 玄奘譯	1
	1349	0331	(能)	0332	(能)	佛說稱讚如來功德神咒經	唐 義淨譯	1
杜04	1000	1380	(杜)	1381	(杜)	成就妙法蓮華經王瑜伽觀智儀軌	唐 不空譯	1
彼06	0630	0376	(彼)	0377	(彼)	佛說成具光明定意經	後漢 支曜譯	1
舍10	1646	1266	(丙舍)	1267	(丙舍)	成實論	訶梨跋摩造　姚秦 鳩摩羅什譯	16
沛04	1591	1202	(沛)	1203	(沛)	成唯識寶生論	護法菩薩造　唐 義淨譯	5
義10	1585	1189	(義)	1190	(義)	成唯識論	護法等菩薩造　唐 玄奘譯	10
匪05	1609	1213	(匪)	1214	(匪)	大乘成業論	世親菩薩造　唐 玄奘譯	1
罔04	1351	0359	(罔)	0360	(罔)	佛說持句神咒經	吳 支謙譯	1
則10	1370	0826	(則)	0827	(則)	佛說持明藏八大總持王經	宋 施護譯	1
思02	1169	1051	(思)	1052	(思)	佛說持明藏瑜伽大教尊那菩薩大明成就儀軌經	宋 法賢譯	4
	0481	0161	(常)	0161	(常)	持人菩薩經	西晉 竺法護譯	4
常10	0482	0162	(常)	0162	(常)	持世經	姚秦 鳩摩羅什譯	4
行04	1162	0487	(行)	0488	(行)	持世陀羅尼經	唐 玄奘譯	1
	0785-t1	0686-t1	(敬)		(敬)	持錫杖法		1
慕10	0585	0192	(慕)	0193	(慕)	持心梵天所問經	西晉 竺法護譯	4
之01	0963	1004	(之)	1005	(之)	佛說熾盛光大威德消災吉祥陀羅尼經	唐 不空譯	1
輔06	1951	1511	(鋪)	1582	(馳)	熾盛光道場念誦儀	宋 遵式撰	1
	0498	0940	(夙)	0941	(夙)	佛說初分說經	宋 施護譯	2
當10	0707	0770	(當)	0771	(當)	佛說出家功德經	失譯	1
敬06	0791	0681	(敬)	0682	(敬)	佛說出家緣經	後漢 安世高譯	1
封07	2145	1468	(戶封)			出三藏記集	梁 僧祐撰	15
羊9	0837	0445	(羊)	0446	(羊)	佛說出生菩提心經	隋 闍那崛多譯	1
興09	1018	0355	(莫)	0356	(莫)	出生無邊門陀羅尼經	唐 智嚴譯	1
興09	1009	0950	(興)	0951	(興)	出生無邊門陀羅尼經	唐 不空譯	1
莫07	1012	0351	(莫)	0352	(莫)	佛說出生無量門持經	東晉 佛陀跋陀羅譯	1
	1243	1013	(流)	1014	(流)	佛說出生一切如來法眼遍照大力明王經	宋 法護譯	2
內10	0212	1313	(廣內)	1314	(廣內)	出曜經	姚秦 竺佛念譯	30
溫08	0489	0958	(溫)	0959	(溫)	佛說除蓋障菩薩所問經	宋 法護等譯	20
短10	0744	0393	(短)	0394	(短)	佛說除恐災患經	乞伏秦 聖堅譯	1
斯01	1323	0977	(斯)	0978	(斯)	除一切疾病陀羅尼經	唐 不空譯	1
敬04	0730	0679	(敬)	0680	(敬)	佛說處處經	後漢 安世高譯	1
回10	2078	1521	(回)	1588	(回)	傳法正宗記	宋 契嵩編	9
綺10	2080	1520	(綺)	1589	(百)	傳法正宗論	宋 契嵩編	2
	0618	1333	(集)	1334	(集)	達摩多羅禪經	東晉 佛陀跋陀羅譯	2
貞04	0364	0198	(貞)	0199	(貞)	佛說大阿彌陀經	宋 王日休校輯	2
周10	0398	0075	(周)	0075	(周)	大哀經	西晉 竺法護譯	8
隨02	1478	1141	(隨)	1142	(隨)	大愛道比丘尼經	失譯	2
	0144	0645	(慶)	0646	(慶)	佛說大愛道般泥洹經	西晉 白法祖譯	1
臨09	1379	0890	(臨)	0891	(臨)	佛說大愛陀羅尼經	宋 法賢譯	1
敬02	0602	0676	(敬)	0677	(敬)	佛說大安般守意經	後漢 安世高譯	2
之10	0977	1010	(之)	1011	(之)	佛說大白傘蓋總持陀羅尼經	元 真智等譯	1
食06	0376	0116	(食)	0116	(食)	佛說大般泥洹經	東晉 法顯譯	6
駒08	0007	0114	(駒)	0114	(駒)	大般涅槃經	東晉 法顯譯	3
駒08	0374	0109	(賓-鳴)	0109	(賓-鳴)	大般涅槃經	北涼 曇無讖譯	40
駒08	0375	0110	(鳳-白)	0110	(鳳-白)	大般涅槃經	宋 慧嚴等依泥洹經加之	36
白08	0377	0111	(白)	0111	(白)	大般涅槃經後分	唐 若那跋陀羅譯	2
	1527	1198	(顛)	1199	(顛)	涅槃論	婆藪槃豆作　元魏 達磨菩提譯	1
土05	1767	1537	(滅虢踐)	1514	(佐-衡)	大般涅槃經疏	隋 灌頂撰	33
滅02	1765	1536	(土)	1515	(衡)	大般涅槃經玄義	隋 灌頂撰	2
柰10	0220	0001	(天-奈)	0001	(天-奈)	大般若波羅蜜多經	唐 玄奘譯	600
	1005A	1022	(息)	1023	(息)	大寶廣博樓閣善住祕密陀羅尼經	唐 不空譯	3
字10	0310	0020	(龍-字)	0020	(龍-字)	大寶積經	唐 菩提流志譯	120
虧10	1523	1227	(虧)	1228	(虧)	大寶積經論	後魏 菩提流支譯	4
	0158	0175	(敢)	0176	(敢)	大乘悲分陀利經	失譯	8
思09	0892	1054	(思)	1055	(思)	佛說大悲空智金剛大教王儀軌經	宋 法護譯	5
駒05	0380	0113	(駒)	0113	(駒)	大悲經	高齊 那連提耶舍譯	5
隸07	1066	1436	(隸)	1437	(隸)	大悲心陀羅尼修行念誦略儀	唐 不空譯	1
別10	1470	1120	(別)	1121	(別)	大比丘三千威儀	後漢 安世高譯	2
	2053	1486	(奄)	1531	(孰)	大唐大慈恩寺三藏法師傳	唐 慧立本．彥悰箋	10
情10	1667	1242	(情)	1243a	(情)	大乘起信論	馬鳴菩薩造　唐 實叉難陀譯	2
情10	1666	1242	(情)	1243b	(情)	大乘起信論	馬鳴菩薩造　梁 真諦譯	1
	1848	1618	(岩岫)	1601	(田赤)	起信論疏筆削記	宋 子璿錄	20
岩05		1617	(岩)	1600	(田)	大乘起信論疏	法藏述	5
染02	0270	0435	(染)	0436	(染)	大法鼓經	劉宋 求那跋陀羅譯	2
可10	1340	0417	(使可)	0418	(使可)	大法炬陀羅尼經	隋 闍那崛多譯	20
墨07	0156	0426	(墨)	0427	(墨)	大方便佛報恩經	失譯	7
信10	1339	0416	(信)	0417	(信)	大方等陀羅尼經	北涼 法眾譯	4
羔10	0945	0441	(羔)	0442	(羔)	大佛頂如來密因修證了義諸菩薩萬行首楞嚴經	唐 般剌蜜帝譯	10
		1616	(綿邈)	1610	(綿邈)	大佛頂首楞嚴經會解	般刺密帝譯　彌伽釋迦譯語　房融筆受　惟則會解	20
	1331	0163	(恭)	0163	(恭)	佛說灌頂經	東晉 帛尸梨蜜多羅譯	12
	1392	0794	(忠)	0795	(忠)	大寒林聖難拏陀羅尼經	宋 法天譯	1
忠02	1048	0788	(忠)	0789	(忠)	佛說大護明大陀羅尼經	宋 法天譯	1
武10	1998A	1524	(說感武)			大慧普覺禪師語錄	宋 蘊聞編	30
興09	1252b	0952	(興)	0953	(興)	佛說大吉祥天女十二名號經	唐 不空譯	1
興09	1253	0953	(興)	0954	(興)	大吉祥天女十二契一百八名無垢大乘經	唐 不空譯	1
深02	1381	0901	(深)	0902	(深)	佛說大吉祥陀羅尼經	宋 法賢譯	1
行02	1335	0468	(行)	0469	(行)	大吉義神咒經	元魏 曇曜譯	4
	0012	0932	(薄)	0933	(薄)	大集法門經	宋 施護譯	2
凊09	0424	0966	(清)	0967	(清)	大集會正法經	宋 施護譯	5
國10	0397	0057	(位-國)	0057	(位-國)	大方等大集經	北涼 曇無讖譯	60
	0416	0071	(罪)	0071	(罪)	大方等大集經賢護分	隋 闍那崛多譯	5
當06	0496	0739	(當)	0740	(當)	佛說大迦葉本經	西晉 竺法護譯	1
忠10	0352	0799	(忠)	0800	(忠)	佛說大迦葉問大寶積正法經	宋 施護譯	5
	0008	0987	(斯)	0988	(斯)	大堅固婆羅門緣起經	宋 施護等譯	2
	1415	0836	(盡)	0837	(盡)	大金剛妙高山樓閣陀羅尼	宋 施護譯	1
臨02	1401	0862	(臨)	0863	(臨)	佛說大金剛香陀羅尼經	宋 施護譯	1
過02	0988	0306	(過)	0307	(過)	孔雀王咒經	姚秦 鳩摩羅什譯	1
	0817	0179	(毀)	0180	(毀)	佛說大淨法門經	西晉 竺法護譯	1
杜08	0983A	1391	(杜)	1392	(杜)	佛說大孔雀明王畫像壇場儀軌	唐 不空譯	1
過04	0986	0304	(過)	0305	(過)	大金色孔雀王咒經	失譯	1
過04	0987	0305	(過)	0306	(過)	佛說大金色孔雀王咒經	失譯	1
知07	0985	0301	(知)	0302	(知)	佛說大孔雀咒王經	唐 義淨譯	3
	0243	1028	(澄)	1029	(澄)	大樂金剛不空真實三麼耶經	唐 不空譯	1
藁02	1003	1399	(槁)	1400	(槁)	大樂金剛不空真實三昧耶經般若波羅蜜多理趣釋	唐 不空譯	2
杜03	1119	1378	(杜)	1379	(杜)	大樂金剛薩埵修行成就儀軌	唐 不空譯	1
	0225	0008	(潛)	0008	(潛)	大明度經	吳 支謙譯	6
史10		1649	(史)	1620	(務)	大明仁孝皇后夢感佛說第一希有大功德經	明 徐皇后述	2
石10		1613	(昆-石)	1621	(茲-俶)	大明三藏法數	一如等集註	40
		1654				大明三藏聖教目錄	明 雙徑山僧衆編	3
		1608	(主)	1623	(畝)	大明太宗文皇帝御製序讚文	明 成祖撰　明太宗御製	1
盡06	1257	0838	(盡)	0839	(盡)	佛說大摩里支菩薩經	宋 天息災譯	7
賢07	0848	0525	(賢)	0526	(賢)	大毘盧遮那成佛神變加持經	唐 善無畏．一行譯	7
杜07	0856	1387	(杜)	1388	(杜)	大毘盧遮那成佛神變加持經略示七支念誦隨行法	唐 不空譯	1
行03	1367	0470	(行)	0471	(行)	佛說大普賢陀羅尼經	失譯	1
行03	1368	0471	(行)	0472	(行)	佛說大七寶陀羅尼經	失譯	1
杜09	0857	1396	(杜)	1397	(杜)	大日經略攝念誦隨行法	唐 不空譯	1
	0272	0174	(豈)	0175	(豈)	大薩遮尼乾子所說經	元魏 菩提留支譯	10
盡10	0019	0845	(盡)	0846	(盡)	大三摩惹經	宋 法天譯	1
	2146	1601	(宗)	1513	(尹)	眾經目錄	隋 法經等撰	7
外10	1438	1155	(外)	1156	(外)	大沙門百一羯磨法	失譯人名今附宋錄	1
薄06	0052	0927	(薄)	0928	(薄)	大生義經	宋 施護譯	1
	1266	1395	(杜)	1396	(杜)	大聖天歡喜雙身毘那夜迦法	唐 不空譯	1
	1176	1389	(杜)	1390	(杜)	曼殊室利童子菩薩五字瑜伽法	唐 不空譯	1
五07	0625	0158	(五)	0158	(五)	大樹緊那羅王所問經	姚秦 鳩摩羅什譯	4
富01	2149	1475	(侈富)	1528	(阜微)	大唐內典錄	唐 道宣撰	10
孰10	2087	1495	(孰)	1530	(旦)	大唐西域記	唐 玄奘譯．辯機撰	12
尹06	2066	1483	(尹)	1536	(說)	大唐西域求法高僧傳	唐 義淨撰	2
念10	0956	0536	(念)	0537	(念)	大陀羅尼末法中一字心咒經	唐 寶思惟譯	1
之01	0964	1003	(之)	1004	(之)	佛說大威德金輪佛頂熾盛光如來消除一切災難陀羅尼經	失譯	1
器06	1341	0418	(覆器)	0419	(覆器)	大威德陀羅尼經	隋 闍那崛多譯	20
貞09	0834	0206	(盧)	0207	(貞)	大威燈光仙人問疑經	隋 闍那崛多等譯	1
	1225	1390	(杜)	1391	(杜)	大威怒烏芻澀麼儀軌經	唐 不空譯	1
藁08	1146	1410	(槁)	1411	(槁)	大虛空藏菩薩念誦法	唐 不空譯	1
杜06	1260	1384	(杜)	1385	(杜)	大藥叉女歡喜母并愛子成就法	唐 不空譯	1
維09	0177	0522	(維)	0523	(維)	大意經	劉宋 求那跋陀羅譯	1
	0723	1341	(墳)	1342	(墳)	分別業報略經	大勇菩薩撰　劉宋 僧伽跋摩譯	1
孝08	0216	0712	(孝)	0713	(孝)	大魚事經	東晉 竺曇無蘭譯	1
	0387	0239	(男)	0240	(男)	大方等無想經	北涼 曇無讖譯	6
	0991	0183	(毀)	0184	(毀)	大雲輪請雨經	隋 那連提耶舍譯	2
	0989	0964	(清)	0965	(清)	大雲輪請雨經	唐 不空譯	2
	0993	0182	(毀)	0183	(毀)	大雲經請雨品第六十四	北周 闍那耶舍譯	1
	0992	0181	(毀)	0182	(毀)	大方等大雲經請雨品第六十四	北周 闍那耶舍譯	1
岱10		1603	(岱)	1608	(庭)	大藏聖教法寶標目	元 王古撰	10
盡01	0594	0831	(盡)	0832	(盡)	佛說大自在天子因地經	宋 施護譯	1
疑05	1669	1291	(疑)	1292	(疑)	大宗地玄文本論	馬鳴菩薩造　陳 真諦譯	20
靜05	1577	1235	(靜)	1236	(靜)	大丈夫論	提婆羅菩薩造　北涼 道泰譯	2
	0045	0898	(深)	0899	(深)	大正句王經	宋 法賢譯	2
叔10	1509	1162	(傅-叔)	1163	(傅-叔)	大智度論	龍樹菩薩造　後秦 鳩摩羅什譯	100
毀07	0818	0180	(毀)	0181	(毀)	大莊嚴法門經	隋 那連提耶舍譯	2
大02	0187	0155	(四大)	0155	(四大)	方廣大莊嚴經	唐 地婆訶羅譯	12
	0201	1175	(慈隱)	1176	(慈隱)	大莊嚴論經	馬鳴菩薩造　後秦 鳩摩羅什譯	15
景10	0395	0463	(景)	0464	(景)	佛說當來變經	西晉 竺法護譯	1
明09	0607	1318	(明)	1319	(明)	道地經	僧伽羅剎造　後漢 安世高譯	1
方10	0816	0144	(方)	0144	(方)	佛說道神足無極變化經	西晉 安法欽譯	4
	0224	0005	(淡)	0005	(淡)	道行般若經	後漢 支婁迦讖譯	10
	0709	0275	(良)	0276	(良)	佛說稻[卄/干]經	闕譯	1
潔09	0545	0227	(潔)	0228	(潔)	佛說德護長者經	隋 那連提耶舍譯	2
	0785	0686	(敬)	0687	(敬)	得道梯橙錫杖經	失譯	1
裳01	0339	0041	(裳)	0041	(裳)	得無垢女經	元魏 瞿曇般若流支譯	1
孝08	0703	0715	(孝)	0716	(孝)	燈指因緣經	姚秦 鳩摩羅什譯	1
化07	0381	0124	(化)	0124	(化)	等集眾德三昧經	西晉 竺法護譯	3
率09	0288	0107	(率)	0107	(率)	等目菩薩所問三昧經	西晉 竺法護譯	3
	1200	1057	(言)	1058	(言)	底哩三昧耶不動尊威怒王使者念誦法	唐 不空譯	1
斯10	0412	0997	(斯)	0998	(斯)	地藏菩薩本願經	唐 實叉難陀譯	2
	0413	1449	(隸)	1450	(隸)	百千頌大集經地藏菩薩請問法身讚	唐 不空譯	1
陶10	0411	0060	(陶)	0060	(陶)	大乘大集地藏十輪經	唐 玄奘譯	10
臨02	0249	0859	(臨)	0860	(臨)	佛說帝釋般若波羅蜜多心經	宋 施護譯	1
深05	0015	0918	(深)	0919	(深)	帝釋所問經	宋 法賢譯	1
	0940	1385	(杜)	1386	(杜)	佛說帝釋巖祕密成就儀軌	宋 施護譯	1
當09	0826	0761	(當)	0762	(當)	弟子死復生經	劉宋 沮渠京聲譯	1
貞08	0833	0205	(貞)	0206	(貞)	第一義法勝經	元魏 瞿曇般若流支譯	1
之03	0165	1005	(之)	1006	(之)	頂生王因緣經	宋 施護等譯	6
善04	0039	0598	(善)	0599	(善)	頂生王故事經	西晉 法炬譯	1
萬10	0477	0141	(萬)	0141	(萬)	佛說大方等頂王經	西晉 竺法護譯	1
萬09	0478	0140	(萬)	0140	(萬)	大乘頂王經	梁 月婆首那譯	1
		1644-t1	(素)	1591	(郡)	定慧相資歌	宋 延壽撰	1
	1354	0361	(罔)	0362	(罔)	東方最勝燈王如來經	隋 闍那崛多等譯	1
壹04	0280	0098	(壹)	0098	(壹)	佛說兜沙經	後漢 支婁迦讖譯	1
善06	0078	0606	(善)	0607	(善)	兜調經	失譯	1
	0903	1444	(隸)	1445	(隸)	都部陀羅尼目	唐 不空譯	1
潔10	0808	0228	(潔)	0229	(潔)	佛說犢子經	吳 支謙譯	1
壹10	0292	0100	(壹)	0100	(壹)	度世品經	西晉 竺法護譯	6
推05	0358	0052	(養)	0052	(推)	度一切諸佛境界智嚴經	梁 僧伽婆羅等譯	1
殷09	0302	0081	(殷)	0081	(殷)	度諸佛境界智光嚴經	失譯	1
	2012A	1646	(素)	1567	(沙)	黃檗山斷際禪師傳心法要	唐 裴休集	1
當10	0740	0772	(當)	0773	(當)	佛說頞多和多耆經	失譯	1
璧09 	0746	0672	(璧)	0673	(璧)	餓鬼報應經	失譯	1
星03	1576	1300	(星)	1301	(星)	大乘二十頌論	龍樹菩薩造　宋 施護譯	1
衣05	0327	0034	(衣)	0034	(衣)	發覺淨心經	隋 闍那崛多譯	2
	1659	1210	(沛)	1211	(沛)	發菩提心經論	天親菩薩造　後秦 鳩摩羅什譯	2
	0838	0928	(薄)	0929	(薄)	佛說發菩提心破諸魔經	宋 施護譯	2
羊10	0819	0449	(羊)	0450	(羊)	佛說法常住經	失譯	1
	0763	1009	(之)	1010	(之)	佛說法乘義決定經	宋 金總持等譯	3
聚10	0611	1354	(聚)	1355	(聚)	法觀經	西晉 竺法護譯	1
璧06 	0034	0668	(璧)	0669	(璧)	法海經	西晉 法炬譯	1
土10	1926	1539	(土)	1475	(轂)	法華經安樂行義	陳 慧思說	1
	1719	1529	(晉楚更)	1492	(輕策功)	法華文句記	唐 湛然述	10
輔01	1941	1502	(輔)	1477	(轂)	法華三昧懺儀	隋 智顗撰	1
草09	0269	0131	(草)	0131	(草)	佛說法華三昧經	宋 智嚴譯	1
輔01	1942	1503	(輔)	1550	(寔)	法華三昧行事運想補助儀	唐 湛然撰	1
	1717	1527	(多士)	1490-in	(祿-車)	法華玄義釋籤	唐 湛然述	20
難06	0761	0421	(難)	0422	(難)	佛說法集經	元魏 菩提流支譯	6
則03	0764	0806	(則)	0807	(則)	佛說法集名數經	宋 施護譯	1
隸04	0213	1431	(隸)	1432	(隸)	法集要頌經	法救集　宋 天息災譯	4
刑03	1925	1564	(刑)	1483	(振)	法界次第初門	隋 智顗撰	3
通08	1626	1250	(逸)	1251	(逸)	大乘法界無差別論	堅慧菩薩造　唐 提雲般若等譯	1
通08	1627	1310	(通)	1311	(通)	大乘法界無差別論	堅慧菩薩造　唐 提雲般若譯	1
服10	0322	0030	(服)	0030	(服)	法鏡經	後漢 安玄譯	1
群04	0210	1357	(群)	1358	(群)	法句經	法救撰　吳 維祇難等譯	2
亦04	0211	1345	(亦)	1346	(亦)	法句譬喻經	晉世 法炬共法立譯	4
初01	0631	1093	(初)	1094	(初)	佛說法律三昧經	吳 支謙譯	1
景10	0396	0465	(景)	0466	(景)	佛說法滅盡經	失譯	1
深04	0766	0915	(深)	0916	(深)	佛說法身經	宋 法賢譯	1
	1551	1286	(納)	1287	(納)	阿毘曇心論經	法勝論　優波扇多釋　高齊 那連提耶舍譯	6
敬06	0792	0684	(敬)	0685	(敬)	佛說法受塵經	後漢 安世高譯	1
	2085	1488	(微)	1463	(書)	高僧法顯傳	東晉 法顯記	1
薄06	0104	0926	(薄)	0927	(薄)	佛說法印經	宋 施護譯	1
祿10	2122	1474	(高-祿)	1532	(營-綺)	法苑珠林	唐 道世撰	100
起08	1935	1576	(起)	1578	(馳)	法智遺編觀心二百問	宋 繼忠集	1
漆09	2030	1458	(漆)	1459	(漆)	大阿羅漢難提蜜多羅所說法住記	唐 玄奘譯	1
新10	2131	1632	(貢新)	1599	(塞雞)	翻譯名義集	宋 法雲編	7
	1063	0315-t1	(能)	0316-t1	(能)	番大悲神咒		1
		0168-t1	(惟)	0169	(惟)	番字藥師七佛本願功德經	唐 義淨譯	1
當08	0521	0754	(當)	0755	(當)	佛說梵摩難國王經	失譯	1
	0076	0603	(善)	0604	(善)	梵摩渝經	吳 支謙譯	1
	0567	0337	(莫)	0338	(莫)	佛說梵志女首意經	西晉 竺法護譯	1
安10	1484	1081	(安)	1082	(安)	梵網經	後秦 鳩摩羅什譯	2
福10	0021	0549	(福)	0550	(福)	梵網六十二見經	吳 支謙譯	1
	0020	0587	(善)	0588	(善)	佛開解梵志阿[颱-台+(犮-乂+又)]經	吳 支謙譯	1
善03	0071	0592	(善)	0593	(善)	梵志頞波羅延問種尊經	東晉 竺曇無蘭譯	1
緣05	0051	0566	(緣)	0567	(緣)	梵志計水淨經	失譯	1
	1467a	1106	(初)	1107	(初)	佛說犯戒罪報輕重經	後漢 安世高譯	1
逸05	1632	1249	(逸)	1250	(逸)	方便心論	後魏 吉迦夜譯	1
刑04	1940	1565	(刑)			方等三昧行法	隋 智顗說	1
	0629	0178	(毀)	0179	(毀)	佛說放[金*本]經	闕譯	1
	0221	0002	(菜重芥)	0002	(菜重芥)	放光般若經	西晉 無羅叉譯	20
善10	0123	0622	(善)	0623	(善)	佛說放牛經	後秦 鳩摩羅什譯	1
薄06	0084	0924	(薄)	0925	(薄)	分別布施經	宋 施護譯	1
笙08	1507	1282	(笙)	1283	(笙)	分別功德論	失譯附後漢錄	5
敬08	0738	0692	(敬)	0693	(敬)	佛說分別經	西晉 竺法護譯	1
	0081	0777	(竭)	0778	(竭)	分別善惡報應經	宋 天息災譯	2
敬05	0729	0680	(敬)	0681	(敬)	佛說分別善惡所起經	後漢 安世高譯	1
	0717	0136	(賴)	0136	(賴)	分別緣起初勝法門經	唐 玄奘譯	2
薄06	0718	0925	(薄)	0926	(薄)	佛說分別緣生經	宋 法天譯	1
發10	0421	0079	(發)	0079	(發)	奮迅王問經	元魏 瞿曇般若流支譯	2
	1482	1101	(初)	1102	(初)	佛阿毘曇經出家相品	陳 真諦譯	2
	0005	0547	(福)	0548	(福)	佛般泥洹經	西晉 白法祖譯	2
與10	0190	0675	(父-與)	0676	(父-與)	佛本行集經	隋 闍那崛多譯	60
達10	0193	1315	(達)	1316	(達)	佛本行經	宋 釋寶雲譯	7
食10	0389	0118	(食)	0118	(食)	佛垂般涅槃略說教誡經	姚秦 鳩摩羅什譯	1
當05	0541	0738	(當)	0739	(當)	佛說佛大僧大經	劉宋 沮渠京聲譯	1
行07	0680	0497	(行)	0498	(行)	佛說佛地經	唐 玄奘譯	1
節09	1530	1187	(節)	1188	(節)	佛地經論	親光菩薩等造　唐 玄奘譯	7
	1025	0784	(忠)	0785	(忠)	佛頂放無垢光明入普門觀察一切如來心陀羅尼經	宋 施護譯	2
莫05	0969	0347	(莫)	0348	(莫)	佛頂最勝陀羅尼經	唐 地婆訶羅譯	1
莫04	0967	0344	(莫)	0344	(莫)	佛頂尊勝陀羅尼經	唐 佛陀波利譯	1
莫04	0968	0343	(莫)	0345	(莫)	佛頂尊勝陀羅尼經	唐 杜行顗譯	1
莫04	0971	0345	(莫)	0346	(莫)	佛說佛頂尊勝陀羅尼經	唐 義淨譯	1
	0972	1413	(槁)	1414	(槁)	佛頂尊勝陀羅尼念誦儀軌法	唐 不空譯	1
	0438	0962	(清)	0963	(清)	佛說大乘大方廣佛冠經	宋 法護等譯	2
邇06	0303	0087	(邇)	0087	(邇)	佛華嚴入如來德智不思議境界經	隋 闍那崛多譯	2
	1681	1450	(漆)	1451	(漆)	佛吉祥德讚	寂友尊者造　宋 施護譯	3
食10	0390	0120	(食)	0119	(食)	佛臨涅槃記法住經	唐 玄奘譯	1
食10	0392	0119	(食)	0120	(食)	佛滅度後棺斂葬送經	失譯	1
長02	0440	0399	(己長)	0400	(己長)	佛說佛名經	元魏 菩提流支譯	12
慶09	0145	0646	(慶)	0647	(慶)	佛母般泥洹經	劉宋 慧簡譯	1
	1152	1029	(澄)	1030	(澄)	佛說佛母般若波羅蜜多大明觀想儀軌	宋 施護譯	1
星03	1518	1301	(星)	1302	(星)	佛母般若波羅蜜多圓集要義論	大域龍菩薩造　宋 施護等譯	1
星05	1517	1302	(星)	1303	(星)	佛母般若波羅蜜多圓集要義釋論	三寶尊菩薩造　大域龍菩薩造本論　宋 施護等譯	4
	0229	0858	(臨)	0859	(臨)	佛說佛母寶德藏般若波羅蜜經	宋 法賢譯	3
	0228	0921	(履薄)	0922	(履薄)	佛說佛母出生三法藏般若波羅蜜多經	宋 施護譯	25
知10	0982	0302	(知)	0303	(知)	佛母大孔雀明王經	唐 不空譯	3
	0394	1324	(既)	1325	(既)	佛入涅槃密[這-言+亦]金剛力士哀戀經	失譯	1
	1678	1060	(言)	1061	(言)	佛三身讚	西土賢聖撰　宋 法賢譯	1
	0192	1343	(典)	1344	(典)	佛所行讚	馬鳴菩薩造　北涼 曇無讖譯	5
	0815	0149	(身)	0149	(身)	佛昇忉利天為母說法經	西晉 竺法護譯	3
	2029	1325	(既)	1326	(既)	佛使比丘迦旃延說法沒盡偈百二十章	失譯	1
	0499	0700	(敬)	0701	(敬)	佛為阿支羅迦葉自化作苦經	失譯	1
景05	0599	0452	(景)	0453	(景)	佛為海龍王說法印經	唐 義淨譯	1
	0075	0602	(善)	0603	(善)	佛為黃竹園老婆羅門說學經	失譯	1
當06	0502	0742	(當)	0743	(當)	佛為年少比丘說正事經	西晉 法炬譯	1
	0601	0834	(盡)	0835	(盡)	佛為娑伽羅龍王所說大乘經	宋 施護譯	1
才01	0593	0245	(才)	0246	(才)	佛為勝光天子說王法經	唐 義淨譯	1
	0080	0734	(當)	0735	(當)	佛為首迦長者說業報差別經	隋 瞿曇法智譯	1
之01	0524	1000	(之)	1001	(之)	佛為優填王說王法政論經	唐 不空譯	1
匪04	1610	1212	(匪)	1213	(匪)	佛性論	天親菩薩造　陳 真諦譯	4
	1679	1061	(言)	1062	(言)	佛一百八名讚	宋 法天譯	1
明10	0793	1319	(明)	1320	(明)	佛說佛醫經	吳 竺律炎共支越譯	1
跡10	1820	1589	(迹)	1604	(野)	佛遺教經論疏節要	宋 淨源節要　明 袾宏補註	1
	0350	0053	(推)	0053	(推)	佛說遺日摩尼寶經	後漢 支婁迦讖譯	1
羊9	0621	0446	(羊)	0447	(羊)	佛說佛印三昧經	後漢 安世高譯	1
	0832	0386	(短)	0387	(短)	佛語經	元魏 菩提流支譯	1
篤08	0653	1089	(篤)	1090	(篤)	佛藏經	姚秦 鳩摩羅什譯	3
黍06	2036	1629	(畝-黍)	1613	(杳-於)	佛祖歷代通載	元 念常集	22
	2035	1653	(城-碣)			佛祖統紀	宋 志磐撰	54
既09	0795	1326	(既)	1327	(既)	佛治身經	失譯	1
	0065	0567	(緣)	0568	(緣)	伏婬經	西晉 法炬譯	1
	0173	0947	(夙)	0948	(夙)	福力太子因緣經	宋 施護等譯	4
漢03	2115-j1~j3	1522	(漢)	1598	(紫)	輔教編	宋 釋契嵩撰	3
	0684	0756	(當)	0757	(當)	佛說父母恩難報經	後漢 安世高譯	1
	2058	1332	(集)	1333	(集)	付法藏因緣傳	元魏 吉迦夜共曇曜譯	6
潔10	0563	0231	(潔)	0232	(潔)	佛說腹中女聽經	北涼 曇無讖譯	1
孝09	0571	0716	(孝)	0717	(孝)	佛說婦人遇辜經	乞伏秦 聖堅譯	1
	1316	0535	(念)	0536	(念)	佛說甘露經陀羅尼咒	唐 實叉難陀譯	1
藁06	1211	1405	(槁)	1406	(槁)	甘露軍荼利菩薩供養念誦成就儀軌	唐 不空譯	1
城01		1611	(城)			感應歌曲		1
尹04	2059	1482	(伊尹)	1468	(俠槐)	高僧傳	梁 慧皎撰	14
衡10	2060	1485	(佐-衡)	1469	(卿-八)	續高僧傳	唐 道宣撰	30
阜10	2061	1487	(宅曲阜)	1470	(縣家給)	宋高僧傳	宋 贊寧等撰	30
卑04	1458	1121	(尊卑)	1122	(尊卑)	根本薩婆多部律攝	尊者勝友造　唐 義淨譯	14
和10	1453	1125	(和)	1126	(和)	根本說一切有部百一羯磨	唐 義淨譯	10
隨06	1455	1143	(隨)	1144	(隨)	根本說一切有部苾芻尼戒經	唐 義淨譯	1
賤10	1443	1118	(貴賤)	1119	(貴賤)	根本說一切有部苾芻尼毘奈耶	唐 義淨譯	20
	1905	1131	(夫)	1132-t1	(夫)	根本說一切有部苾芻習學略法	元 拔合思巴集	1
夫10	1904	1131	(夫)	1132	(夫)	根本說一切有部出家授近圓羯磨儀範	元 拔合思巴集	1
初09	1454	1104	(初)	1105	(初)	根本說一切有部戒經	唐 義淨譯	1
睦10	1452-s2	1128	(睦)	1129	(睦)	根本說一切有部目得迦	唐 義淨譯	5
睦05	1452-s1	1127	(睦)	1128	(睦)	根本說一切有部尼陀那	唐 義淨譯	5
仕10	1442	1112	(竟-仕)	1113	(竟-仕)	根本說一切有部毘奈耶	唐 義淨譯	50
唱10	1456	1134	(唱)	1135	(唱)	根本說一切有部毘奈耶尼陀那目得迦攝頌	唐 義淨譯	1
殊10	1450	1117	(樂殊)	1118	(樂殊)	根本說一切有部毘奈耶破僧事	唐 義淨譯	20
婦04	1459	1137	(婦)	1138	(婦)	根本說一切有部毘奈耶頌	尊者毘舍佉造　唐 義淨譯	3
去10	1451	1115	(以-去)	1116	(以-去)	根本說一切有部毘奈耶雜事	唐 義淨譯	40
	1457	1135	(唱)	1136	(唱)	根本說一切有部略毘奈耶雜事攝頌	唐 義淨譯	1
輕09	2151	1479	(輕)			古今譯經圖紀	唐 靖邁撰	4
輕10	2152	1480	(輕)			續古今譯經圖紀	唐 智昇撰	1
緣03	0044	0557	(緣)	0558	(緣)	古來世時經	失譯	1
		1651	(密-士)			古尊宿語錄	宋 賾藏主集	48
器10	0649	0419	(器)	0420	(器)	觀察諸法行經	隋 闍那崛多譯	4
量10	0643	0425	(量)	0426	(量)	佛說觀佛三昧海經	東晉 佛陀跋陀羅譯	10
	0452	0199	(貞)	0200	(貞)	佛說觀彌勒菩薩上生兜率天經	宋 沮渠京聲譯	1
貞05	0453	0203	(貞)	0201	(貞)	佛說彌勒下生經	西晉 竺法護譯	1
短05	0277	0389	(短)	0390	(短)	佛說觀普賢菩薩行法經	劉宋 曇無蜜多譯	1
投09	1624	1166	(投)	1167	(投)	觀所緣緣論	陳那菩薩造　唐 玄奘譯	1
	1625	1167	(投)	1168	(投)	觀所緣論釋	護法菩薩造　唐 義淨譯	1
	0371	0390	(短)	0391	(短)	觀世音菩薩授記經	宋 曇無竭譯	1
	1082	0316	(能)	0317	(能)	觀世音菩薩祕密藏如意輪陀羅尼神咒經	唐 實叉難陀譯	1
能04	1083	0317	(能)	0318	(能)	觀世音菩薩如意摩尼陀羅尼經	唐 寶思惟譯	1
貞01	0365	0193	(貞)	0194	(貞)	佛說觀無量壽佛經	宋 [彊-弓]良耶舍譯	1
約03	1750	1551	(約)		(刻)	觀無量壽佛經疏	隋 智顗說	1
約09	1751	1552	(約)	1503	(刻)	觀無量壽佛經疏妙宗鈔	宋 知禮述	6
則09	0259	0822	(則)	0823	(則)	佛說觀想佛母般若波羅蜜多菩薩經	宋 天息災譯	1
	0939	1043	(止)	1044	(止)	佛說大乘觀想曼拏羅淨諸惡趣經	宋 法賢譯	2
刑10	1921	1567	(刑)	1505	(磻)	觀心論疏	隋 灌頂撰	5
弔04	0409	0066	(吊)	0066	(吊)	觀虛空藏菩薩經	劉宋 曇摩蜜多譯	1
知04	1161	0300	(知)	0301	(知)	佛說觀藥王藥上二菩薩經	劉宋 [彊-弓]良耶舍譯	1
遵06	1727	1548	(遵)	1486	(纓)	觀音玄義記	宋 知禮述	4
約02	1729	1550	(遵約)	1482	(振)	觀音義疏記	宋 知禮述	4
遵02	1726	1547	(遵)	1485	(纓)	觀音玄義	隋 智顗說．灌頂記	2
遵08	1728	1549	(遵)	1481	(振)	觀音義疏	隋 智顗說．灌頂記	2
	1102	1406	(槁)	1407	(槁)	金剛頂經多羅菩薩念誦法	唐 不空譯	1
念09	1087	0533	(念)	0534	(念)	觀自在如意輪菩薩瑜伽法要	唐 金剛智譯	1
	1103b	0320	(能)	0321	(能)	觀自在菩薩怛[口*縛]多唎隨心陀羅尼經	唐 智通譯	1
深02	1117	0904	(深)	0905	(深)	佛說觀自在菩薩母陀羅尼經	宋 法賢譯	1
杜06	1085	1386	(杜)	1387	(杜)	觀自在菩薩如意輪念誦儀軌	唐 不空譯	1
	1086	1394	(杜)	1395	(杜)	觀自在菩薩如意輪瑜伽	唐 不空譯	1
輔07	1952	1513	(輔)	1571	(馳)	觀自在菩薩如意輪咒課法	宋 仁岳撰	1
能04	1081	0318	(能)	0319	(能)	佛說觀自在菩薩如意心陀羅尼咒經	唐 義淨譯	1
斯01	1037	0974	(斯)	0975	(斯)	觀自在菩薩說普賢陀羅尼經	唐 不空譯	1
匪10	1623	1221	(匪)	1222	(匪)	觀總相論頌	陳那菩薩造　唐 義淨譯	1
夙06	0218	0944	(夙)	0945	(夙)	灌頂王喻經	宋 施護等譯	1
	0695	0286	(知)	0287	(知)	佛說灌洗佛形像經	西晉 法炬譯	1
	0696	0287	(知)	0288	(知)	佛說摩訶剎頭經	西晉 聖堅譯	1
夙02	0549	0933	(夙)	0934	(夙)	佛說光明童子因緣經	宋 施護譯	4
	0222	0004	(河)	0004	(河)	光讚經	西晉 竺法護譯	10
造10	1570	1181	(造)	1182	(造)	廣百論本	聖天菩薩造　唐 玄奘譯	1
	1571	1190	(廉)	1191	(廉)	大乘廣百論釋論	聖天菩薩本　護法菩薩釋　唐 玄奘譯	10
	0268	0154	(發)	0154	(發)	佛說廣博嚴淨不退轉輪經	宋 智嚴譯	6
	1006	0530	(念)	0531	(念)	廣大寶樓閣善住祕密陀羅尼經	唐 菩提流志譯	3
英03	1676	1368	(英)	1369	(英)	廣大發願頌	龍樹菩薩造　宋 施護等譯	1
	1116	0837	(盡)	0838	(盡)	廣大蓮華莊嚴曼拏羅滅一切罪陀羅尼經	宋 施護譯	1
千07	2103	1473	(家-兵)	1473	(高-輦)	廣弘明集	唐 道宣撰	30
疑10	1664	1293	(疑)	1294	(疑)	廣釋菩提心論	蓮華戒菩薩造　宋 施護譯	4
投10	1613	1168	(投)	1169	(投)	大乘廣五蘊論	安慧菩薩造　唐 地婆訶羅譯	1
緣10	0097	0582	(緣)	0583	(緣)	廣義法門經	陳 真諦譯	1
璧09 	0734	0670	(壁)	0671	(壁)	佛說鬼問目連經	後漢 安世高譯	1
當08	1262	0753	(當)	0754	(當)	佛說鬼子母經	失譯	1
弊10	1934	1562	(弊)			國清百錄	隋 灌頂纂	4
	0148	0627	(善)	0628	(善)	國王不梨先泥十夢經	東晉 竺曇無蘭譯	1
	0180	0464	(景)	0465	(景)	過去世佛分衛經	西晉 竺法護譯	1
尺08 	0189	0661	(尺)	0662	(尺)	過去現在因果經	劉宋 求那跋陀羅譯	4
長03	0446b	0400	(長)	0401	(長)	過去莊嚴劫千佛名經	失譯	1
璧06 	0035	0667	(壁)	0668	(壁)	海八德經	後秦 鳩摩羅什譯	1
景04	0598	0451	(景)	0452	(景)	佛說海龍王經	西晉 竺法護譯	4
似09	0400	0970	(似)	0971	(似)	佛說海意菩薩所問淨印法門經	宋 惟淨等譯	18
	1261	1441	(隸)	1442	(隸)	訶利帝母真言經	唐 不空譯	1
	0538	0714	(孝)	0715	(孝)	佛說呵雕阿那鋡經	東晉 竺曇無蘭譯	1
被08	0664	0126	(被)	0126	(被)	合部金光明經	隋 寶貴合	8
敬09	0583	0698	(敬)	0699	(敬)	佛說黑氏梵志經	吳 支謙譯	1
善04	0033	0594	(善)	0595	(善)	恒水經	西晉 法炬譯	1
縣04	2102	1471	(八縣)	1472	(千兵)	弘明集	梁 僧祐撰	14
旦10	2114	1494	(旦)	1603	(野)	護法論	宋 張商英述	1
薄05	0069	0923	(薄)	0924	(薄)	護國經	宋 法賢譯	1
臨06	0321	0867	(臨)	0868	(臨)	佛說護國尊者所問大乘經	宋 施護譯	4
當07	0748	0748	(當)	0749	(當)	佛說護淨經	失譯	1
罔06	1139	0366	(罔)	0367	(罔)	護命法門神咒經	唐 菩提流志譯	1
桓10	1901	1500	(桓)	1543	(俊)	護命放生軌儀法	唐 義淨撰	1
	1028A	0483	(行)	0484	(行)	佛說護諸童子陀羅尼經	元魏 菩提流支譯	1
	1359	0851	(命)	0852	(命)	佛說花積樓閣陀羅尼經	宋 施護譯	1
能10	1356	0332	(能)	0333	(能)	佛說華積陀羅尼神咒經	吳 支謙譯	1
	1358	0334	(能)	0335	(能)	佛說花聚陀羅尼咒經	失譯	1
欲10	0657	0420	(欲)	0421	(欲)	佛說華手經	姚秦 鳩摩羅什譯	10
	1884	1588	(迹)	1566	(沙)	註華嚴法界觀門	唐 宗密註	1
	1885	1648	(史)			註華嚴經題法界觀門頌	宋 本嵩述．琮湛註	2
百02	1883	1590	(百)	1522	(宅)	華嚴法界玄鏡	唐 澄觀述	2
	1880	1594	(百)	1521	(宅)	金師子章雲間類解	唐 法藏撰．宋 淨源述	1
遐10	0278	0083	(湯-垂)	0083	(湯-垂)	大方廣佛華嚴經	東晉 佛馱跋陀羅譯	60
遐10	0279	0084	(拱-臣)	0084	(拱-臣)	大方廣佛華嚴經	唐 實叉難陀譯	80
壹02	0300	0092	(壹)	0092	(壹)	大方廣佛華嚴經不思議佛境界分	唐 提雲般若譯	1
跡06	1874	1584	(迹)	1519	(宅)	華嚴經明法品內立三寶章	唐 法藏述	2
遐10	0293	0085	(伏-遐)	0085	(伏-遐)	大方廣佛華嚴經	唐 般若譯	40
	1019	1442	(隸)	1443	(隸)	大方廣佛華嚴經入法界品四十二字觀門	唐 不空譯	1
禹10	1736	1582	(沙-禹)	1557	(困-牧)	大方廣佛華嚴經隨疏演義鈔	唐 澄觀述	90
威10	1735	1581	(用-威)	1557	(困-牧)	大方廣佛華嚴經疏	唐 澄觀撰	60
		1631	(稷稅熟)	1555	(寧晉楚)	華嚴懸談會本	澄觀撰述	30
	0306	0090	(壹)	0090	(壹)	大方廣佛花嚴經修慈分	唐 提雲般若等譯	1
	0295	0097	(壹)	0097	(壹)	大方廣佛華嚴經入法界品	唐 地婆訶羅譯	1
	2128-j21~j23	1598	(弁)			新譯大方廣佛華嚴經音義		2
	1871	1587	(迹)	1495	(勒)	華嚴經旨歸	唐 法藏述	1
庭10		1614	(鉅-庭)	1556	(更-魏)	華嚴懸談會玄記	元 普瑞集	40
跡04	1866	1583	(迹)	1518	(宅)	華嚴一乘教義分齊章	唐 法藏述	4
跡07	1886	1586	(迹)		(軍)	原人論	唐 宗密述	1
		1625	(茲)	1560	(軍)	華嚴原人論解	元 圓覺述	3
思10	0891	1055	(思)	1056	(思)	佛說幻化網大瑜伽教十忿怒明王大明觀想儀軌經	宋 法賢譯	1
	1378b	0474	(行)	0475	(行)	幻師[颱-台+(犮-乂+又)]陀神咒經	東晉 曇無蘭譯	1
衣02	0324	0032	(衣)	0032	(衣)	佛說幻士仁賢經	西晉 竺法護譯	1
逸01	1631	1243	(逸)	1244	(逸)	迴諍論	龍樹菩薩造　後魏 毘目智仙共瞿曇流支譯	1
并06		1597	(郡秦并)			一切經音義		25
推02	0345	0048	(推)	0048	(推)	慧上菩薩問大善權經	西晉 竺法護譯	2
才06	0632	0251	(才)	0252	(才)	佛說慧印三昧經	吳 支謙譯	1
	1229	0961	(清)	0962	(清)	穢跡金剛禁百變法經	唐 阿質達霰譯	1
	1228	0960	(清)	0961	(清)	穢跡金剛說神通大滿陀羅尼法術靈要門	唐 阿質達霰譯	1
星03	1637	1298	(星)	1299	(星)	集大乘相論	覺吉祥智菩薩造　宋 施護譯	2
	2104	1463	(壁)	1525	(曲)	集古今佛道論衡	唐 道宣撰	4
疑01	1636	1290	(轉疑)	1291	(轉疑)	大乘集菩薩學論	法稱菩薩造　宋 法護等譯	25
縣10	2108	1472	(縣)	1494	(勒)	集沙門不應拜俗等事	唐 彥悰纂錄	6
	2106	1476	(富)	1529	(微)	集神州三寶感通錄	唐 道宣撰	3
化10	0382	0125	(化)	0125	(化)	集一切福德三昧經	姚秦 鳩摩羅什譯	3
	1638	1294	(星)	1295	(星)	集諸法寶最上義論	善寂菩薩造　宋 施護譯	2
	1982	1497	(桓)	1551	(寔)	集諸經禮懺儀	唐 智昇撰	2
	0130	0931	(薄)	0932	(薄)	佛說給孤長者女得度因緣經	宋 施護譯	3
才02	0274	0247	(才)	0248	(才)	佛說濟諸方等學經	西晉 竺法護譯	1
定08	1490	1083	(定)	1084	(定)	寂調音所問經	宋 法海譯	1
維08	0648	0517	(維)	0518	(維)	寂照神變三摩地經	唐 玄奘譯	1
善02	0022	0588	(善)	0589	(善)	寂志果經	東晉 竺曇無蘭譯	1
英01	2028	1363	(英)	1364	(英)	迦丁比丘說當來變經	失譯	1
既09	0393	1322	(既)	1323	(既)	迦葉赴佛般涅槃經	東晉 竺曇無蘭譯	1
聚10	2027	1355	(聚)	1356	(聚)	迦葉結經	後漢 安世高譯	1
初10	1469	1105	(初)	1106	(初)	佛說迦葉禁戒經	宋 沮渠京聲譯	1
	1691	0877	(臨)	0878	(臨)	迦葉仙人說醫女人經	宋 法賢譯	1
男02	0465	0234	(男)	0235	(男)	伽耶山頂經	元魏 菩提流支譯	1
男03	0467	0236	(男)	0237	(男)	大乘伽耶山頂經	唐 菩提流志譯	1
維09	0574	0520	(維)	0521	(維)	佛說堅固女經	隋 那連提耶舍譯	1
當01	0733	0726	(當)	0727	(當)	佛說堅意經	後漢 安世高譯	1
緣09	0094	0580	(緣)	0581	(緣)	箭喻經	失譯	1
才01	0514	0243	(才)	0244	(才)	佛說諫王經	劉宋 沮渠京聲譯	1
率06	0285	0106	(率)	0106	(率)	漸備一切智德經	西晉 竺法護譯	5
孝08	0796	0711	(孝)	0712	(孝)	佛說見正經	東晉 竺曇無蘭譯	1
敬07	0506	0690	(敬)	0691	(敬)	犍陀國王經	後漢 安世高譯	1
	1683	1075	(言)	1076	(言)	揵稚梵[言*((夫*夫)/貝)]	宋 法賢譯	1
則01	0759	0801	(則)	0802	(則)	佛說較量壽命經	宋 天息災譯	1
臨07	0290	0875	(臨)	0876	(臨)	佛說較量一切佛剎功德經	宋 法賢譯	1
知02	0787	0291	(知)	0292	(知)	曼殊室利咒藏中校量數珠功德經	唐 義淨譯	1
知02	0788	0290	(知)	0291	(知)	佛說校量數珠功德經	唐 寶思惟譯	1
		1628	(穡-南)	1666	(辱近恥)	重訂教乘法數	明 圓[江-工+靜]集	30
	0595	0800	(則)	0801	(則)	佛說嗟[革*蔑]曩法天子受三歸依獲免惡道經	宋 法天譯	1
婦10	1433	1140	(婦)	1141	(婦)	羯磨	曹魏 曇諦譯	1
髮02	0677	0152	(髮)	0152	(發)	佛說解節經	陳 真諦譯	1
	1620	1247	(逸)	1248	(逸)	解捲論	陳那菩薩造　陳 真諦譯	1
效10	0676	0242	(效)	0243	(效)	解深密經	唐 玄奘譯	5
納03	1648	1285	(階納)	1286	(階納)	解脫道論	優波底沙造　梁 僧伽婆羅譯	12
	1460	1102	(初)	1103	(初)	解脫戒經	元魏 般若流支譯	1
深05	0063	0917	(深)	0918	(深)	解夏經	宋 法賢譯	1
命09	0804	0855	(命)	0856	(命)	佛說解憂經	宋 法天譯	1
緣10	0116	0583	(緣)	0584	(緣)	佛說戒德香經	東晉 竺曇無蘭譯	1
臨07	1497	0871	(臨)	0872	(臨)	佛說大乘戒經	宋 施護譯	1
深02	0117	0905	(興)	0906	(深)	佛說戒香經	宋 法賢譯	1
初10	1477	1107	(初)	1108	(初)	佛說戒消災經	吳 支謙譯	1
	1464	1124	(上)	1125	(上)	鼻奈耶	姚秦 竺佛念譯	10
羽10	0235	0010a	(羽)	0010a	(羽)	金剛般若波羅蜜經	後秦 鳩摩羅什譯	1
羽10	0236a	0010b	(羽)	0010b	(羽)	金剛般若波羅蜜經	元魏 菩提流支譯	1
羽10	0237	0010c	(羽)	0010c	(羽)	金剛般若波羅蜜經	陳 真諦譯	1
	1511	1161	(受)	1162	(受)	金剛般若波羅蜜經論	天親菩薩造　元魏 菩提流支譯	3
	1510b	1160	(受)	1161	(受)	金剛般若波羅蜜經論	無著菩薩造　隋 達磨笈多譯	3
弗07	1515	1184	(弗)	1185	(弗)	金剛般若波羅蜜經破取著不壞假名論	功德施菩薩造　唐 地婆訶羅等譯	2
會09	1698	1542	(會)	1497	(勒)	金剛般若經疏	隋 智顗說	1
	1703	1607	(主)	1619	(務)	金剛般若波羅蜜經註解	明 宗[江-工+防]．如[王*巳]同註	1
起07	1932	1575	(起)	1554	(寔)	金剛錍	唐 湛然述	1
斯08	1416	0995	(斯)	0996	(斯)	金剛摧碎陀羅尼	宋 慈賢譯	1
罔07	1345	0367	(罔)	0368	(罔)	金剛場陀羅尼經	隋 闍那崛多譯	1
夙04	0886	0938	(夙)	0939	(夙)	佛說金剛場莊嚴般若波羅蜜多教中一分	宋 施護譯	1
隸07	1172	1438	(隸)	1439	(隸)	金剛頂超勝三界經說文殊五字真言勝相	唐 不空譯	1
鍾06	0931	1423	(鍾)	1424	(鍾)	金剛頂經觀自在王如來修行法	唐 不空譯	1
念09	1173	0532	(念)	0533	(念)	金剛頂經曼殊室利菩薩五字心陀羅尼品	唐 金剛智譯	1
亦08	0874	1347	(亦)	1348	(亦)	金剛頂一切如來真實攝大乘現證大教王經	唐 不空譯	2
鍾05	0932	1422	(鍾)	1423	(鍾)	金剛頂經瑜伽觀自在王如來修行法	唐 金剛智譯	1
	1171	1439	(隸)	1440	(隸)	金剛頂經瑜伽文殊師利菩薩法	唐 不空譯	1
鍾09	0873	1428	(鍾)	1429	(鍾)	金剛頂蓮華部心念誦儀軌	唐 不空譯	1
	1123	1402	(槁)	1403	(槁)	金剛頂勝初瑜伽普賢菩薩念誦法	唐 不空譯	1
亦08	0865	1014	(流)	1015	(流)	金剛頂一切如來真實攝大乘現證大教王經	唐 不空譯	3
隸06	0908	1435	(隸)	1436	(隸)	金剛頂瑜伽護摩儀軌	唐 不空譯	1
杜05	1209	1381	(杜)	1382	(杜)	金剛頂瑜伽降三世成就極深密門	唐 不空譯	1
	1125	1392,1403	(杜,槁)	1393,1404	(杜,槁)	金剛頂瑜伽金剛薩埵五祕密修行念誦儀軌	唐 不空譯	1
	0869	1440	(隸)	1441	(隸)	金剛頂經瑜伽十八會指歸	唐 不空譯	1
	1175	1420	(鍾)	1421	(鍾)	金剛頂經瑜伽文殊師利菩薩供養儀軌	唐 不空譯	1
澄02	0241	1027	(澄)	1028	(澄)	金剛頂瑜伽理趣般若經	唐 金剛智譯	1
澄02	0789	1030	(澄)	1031	(澄)	金剛頂瑜伽念珠經	唐 不空譯	1
英10	1056	1375	(英)	1376	(英)	金剛頂瑜伽千手千眼觀自在菩薩修行儀軌經	唐 不空譯	2
杜05	1122	1382	(杜)	1383	(杜)	金剛頂瑜伽他化自在天理趣會普賢修行念誦儀軌	唐 不空譯	1
鍾03	0876	1419	(鍾)	1420	(鍾)	金剛頂瑜伽修習毘盧遮那三摩地法	唐 金剛智譯	1
通08	1665	1311	(通)	1312	(通)	金剛頂瑜伽中發阿耨多羅三藐三菩提心論	唐 不空譯	1
念04	0866	0529	(念)	0530	(念)	金剛頂瑜伽中略出念誦經	唐 金剛智譯	4
取02	0867	1033	(取)	1034	(取)	金剛峰樓閣一切瑜伽瑜祇經	唐 金剛智譯	2
維10	1027b	0524	(維)	0525	(維)	金剛光焰止風雨陀羅尼經	唐 菩提流志譯	1
	1130	0082	(殷)	0082	(殷)	大乘金剛髻珠菩薩修行分	唐 菩提流志譯	1
	1701	1622	(農)	1568	(漠)	金剛般若經疏論纂要	唐 宗密述　宋 子璿治定	2
	1702	1623	(農)	1569	(漠)	金剛經纂要刊定記	宋 子璿錄	7
	1227	1042	(止)	1043	(止)	大威力烏樞瑟摩明王經	唐 阿質達霰譯	3
止03	1033	1041	(止)	1042	(止)	金剛恐怖集會方廣軌儀觀自在菩薩三世最勝心明王經	唐 不空譯	1
	1138b	0365	(罔)	0366	(罔)	金剛祕密善門陀羅尼經	失譯	1
翔03	0238	0012	(翔)	0012	(翔)	金剛能斷般若波羅蜜經	隋 笈多譯	1
思06	1272	1053	(思)	1054	(思)	金剛薩埵說頻那夜迦天成就儀軌經	宋 法賢譯	4
信05	0644	0408	(信)	0409	(信)	佛說金剛三昧本性清淨不壞不滅經	失譯	1
難10	0273	0424	(難)	0425	(難)	金剛三昧經	失譯	1
罔08	1344	0368	(罔)	0369	(罔)	金剛上味陀羅尼經	元魏 佛陀扇多譯	1
	1199	1424	(鍾)	1425	(鍾)	金剛手光明灌頂經最勝立印聖無動尊大威怒王念誦儀軌法品	唐 不空譯	1
淵10	1129	1025	(淵)	1026	(淵)	佛說金剛手菩薩降伏一切部多大教王經	宋 法天譯	3
杜06	1133	1383	(杜)	1384	(杜)	金剛壽命陀羅尼念誦法	唐 不空譯	1
	1132	1401	(槁)	1402	(槁)	金剛王菩薩祕密念誦儀軌	唐 不空譯	1
思04	1170	1052	(思)	1053	(思)	佛說金剛香菩薩大明成就儀軌經	宋 施護譯	3
星02	1642	1295	(星)	1296	(星)	金剛針論	法稱菩薩造　宋 法天譯	1
輔02	1945	1504	(輔)	1573	(馳)	金光明懺法補助儀	宋 遵式集	1
化04	0663	0123	(化)	0123	(化)	金光明經	北涼 曇無讖譯	4
盟06	1785	1544	(盟)	1506	(磻)	金光明經文句	隋 智顗說　灌頂錄	6
	1786	1545	(盟何)	1507	(溪)	金光明經文句記	宋 知禮述	6
會02	1783	1540	(會)	1500	(碑)	金光明經玄義	隋 智顗說　灌頂錄	2
會08	1784	1541	(會)	1501	(碑)	金光明經玄義拾遺記	宋 知禮述	6
輔04	1946	1508	(輔)	1577	(馳)	金光明最勝懺儀	宋 知禮集	1
場10	0665	0122	(場)	0122	(場)	金光明最勝王經	唐 義淨譯	10
疑08	2137	1292	(疑)	1293	(疑)	金七十論	陳 真諦譯	3
短02	0162	0385	(短)	0386	(短)	金色王經	東魏 瞿曇般若流支譯	1
夙03	1414	0935	(夙)	0936	(夙)	佛說金身陀羅尼經	宋 施護譯	1
力10	0546	0783	(力)	0784	(力)	佛說金耀童子經	宋 天息災譯	1
敬06	0798	0685	(敬)	0686	(敬)	佛說進學經	劉宋 沮渠京聲譯	1
相10	2121	1465	(經-相)	1465	(經-相)	經律異相	梁 寶唱等集	50
弱10	2076	1516	(合濟弱)	1584	(譽丹青)	景德傳燈錄	宋 道原纂	30
當01	0512	0727	(當)	0728	(當)	佛說淨飯王般涅槃經	劉宋 沮渠京聲譯	1
起10	1971	1579	(起)	1605-t1	(野)	淨土境觀要門	元 懷則述	1
刑05	1961	1566	(刑)	1480	(轂)	淨土十疑論	隋 智顗說	1
篤04	1494	1088	(篤)	1089	(篤)	佛說淨業障經	失譯	1
	0755	0937	(夙)	0938	(夙)	佛說淨意優婆塞所問經	宋 施護譯	1
性08	1611	1229	(性)	1230	(性)	究竟一乘寶性論	後魏 勒那摩提譯	4
當08	0150B	0759	(當)	0760	(當)	九橫經	後漢 安世高譯	1
潔05	0181b	0213	(潔)	0214	(潔)	佛說九色鹿經	吳 支謙譯	1
臨10	0715	0896	(臨)	0897	(臨)	佛說舊城喻經	宋 法賢譯	1
聚09	0206	1351	(聚)	1352	(聚)	舊雜譬喻經	吳 康僧會譯	2
斯01	1313	0978	(斯)	0979	(斯)	佛說救拔焰口餓鬼陀羅尼經	唐 不空譯	1
念10	1314	0534	(念)	0535	(念)	佛說救面然餓鬼陀羅尼神咒經	唐 實叉難陀譯	1
	0543	0988	(斯)	0989	(斯)	佛說巨力長者所問大乘經	宋 智吉祥等譯	3
臨08	1385	0878	(臨)	0879	(臨)	佛說俱枳羅陀羅尼經	宋 法賢譯	1
衣03	0325	0033	(衣)	0033	(衣)	佛說決定毘尼經	西晉 燉煌三藏譯	1
薄05	0762	0922	(薄)	0923	(薄)	佛說決定義經	宋 法賢譯	1
性03	1584	1228	(性)	1229	(性)	決定藏論	梁 真諦譯	3
男04	0811	0237	(男)	0238	(男)	佛說決定總持經	西晉 竺法護譯	1
肥10	2154	1477	(車駕肥)	1538	(感武丁)	開元釋教錄	唐 智昇撰	20
輕05	2155	1478	(輕)	1539	(俊)	開元釋教錄略出	唐 智昇撰	4
起04	1927	1573	(起)	1552	(寔)	十不二門	唐 湛然述	1
過02	0984	0303	(過)	0304	(過)	孔雀王咒經	梁 僧伽婆羅譯	2
緣08	0053	0573	(緣)	0574	(緣)	苦陰經	失譯	1
緣08	0055	0574	(緣)	0575	(緣)	苦陰因事經	西晉 法炬譯	1
	0068	0589	(善)	0590	(善)	賴吒和羅經	吳 支謙譯	1
	0170	0513	(維)	0514	(維)	德光太子經	西晉 竺法護譯	1
潔06	0561	0220	(潔)	0221	(潔)	佛說老母經	失譯	1
潔06	0560	0221	(潔)	0222	(潔)	佛說老母女六英經	劉宋 求那跋陀羅譯	1
潔06	0559	0219	(潔)	0220	(潔)	佛說老女人經	吳 支謙譯	1
緣04	0056	0561	(緣)	0562	(緣)	樂想經	西晉 竺法護譯	1
	0566	0210	(潔)	0211	(潔)	樂瓔珞莊嚴方便品經	姚秦 曇摩耶舍譯	1
惟10	0670	0170	(惟)	0171	(惟)	楞伽阿跋多羅寶經	劉宋 求那跋陀羅譯	4
	1789	1605	(主)	1617	(務)	楞伽阿跋多羅寶經註解	明 宗[江-工+防]．如[王*巳]同註	4
	1588	1231	(靜)	1232	(靜)	唯識論	天親菩薩造　後魏 瞿曇般若流支譯	1
牧10		1580	(翦頗牧)	1587	(州禹迹)	首楞嚴經義海	般刺蜜諦譯經　彌伽釋伽譯語　唐 房融筆授　唐 懷迪證譯　宋 子璿集義疏注經並科　宋 曉月標指要義　宋 仁岳集解　宋 咸輝排經入注	30
維07	0487	0516	(維)	0517	(維)	離垢慧菩薩所問禮佛法經	唐 那提譯	1
衣07	0338	0038	(衣)	0038	(衣)	佛說離垢施女經	西晉 竺法護譯	1
緣04	0047	0559	(緣)	0560	(緣)	離睡經	西晉 竺法護譯	1
潔06	0829	0217	(潔)	0218	(潔)	大乘離文字普光明藏經	唐 地婆訶羅譯	1
輔05	1944	1510	(輔)	1580	(馳)	禮法華經儀式	失譯撰集人名	1
馨10	0261	0998	(馨)	0999	(馨)	大乘理趣六波羅蜜多經	唐 般若譯	10
弁10	1644	1289	(弁)	1290	(弁)	佛說立世阿毘曇論	陳 真諦譯	10
	2034	1496	(營桓)	1509	(伊)	歷代三寶紀	隋 費長房撰	15
善09	0135	0618	(善)	0619	(善)	佛說力士移山經	西晉 竺法護譯	1
信02	0647	0404	(信)	0405	(信)	力莊嚴三昧經	隋 那連提耶舍譯	3
	0386	0460	(景)	0461	(景)	蓮華面經	隋 那連提耶舍譯	2
則09	1411	0821	(則)	0822	(則)	佛說蓮華眼陀羅尼經	宋 施護譯	1
	1973	1643	(素)	1606	(野)	廬山蓮宗寶鑑	元 普度編	10
當04	1325	0733	(當)	0734	(當)	佛說療痔病經	唐 義淨譯	1
良09	0708	0276	(良)	0277	(良)	了本生死經	吳 支謙譯	1
斯04	0247	0985	(斯)	0986	(斯)	佛說了義般若波羅蜜多經	宋 施護譯	1
維09	0577	0521	(維)	0522	(維)	佛說大乘流轉諸有經	唐 義淨譯	1
璧06 	0513	0666	(璧)	0667	(璧)	佛說琉璃王經	西晉 竺法護譯	1
則06	0725	0815	(則)	0816	(則)	佛說六道伽陀經	宋 法天譯	1
萬08	0152	0139	(萬)	0139	(萬)	六度集經	吳 康僧會譯	8
匪10	1607	1222	(匪)	1223	(匪)	六門教授習定論	無著本　世親釋　唐 義淨譯	1
行04	1360	0488	(行)	0489	(行)	六門陀羅尼經	唐 玄奘譯	1
	0491	1329	(既)	1330	(既)	六菩薩亦當誦持經	失譯	1
星03	1575	1299	(星)	1300	(星)	六十頌如理論	龍樹菩薩造　宋 施護譯	1
	1046	0472	(行)	0473	(行)	六字大陀羅尼咒經	失譯	1
能08	1180	0326	(能)	0327	(能)	六字神咒經	唐 菩提流志譯	1
能10	1045b	0336	(能)	0337	(能)	六字神咒王經	失譯	1
能10	1044	0335	(能)	0336	(能)	佛說六字咒王經	失譯	1
扶01	2008	1517	(扶)	1547	(寔)	六祖大師法寶壇經	元 宗寶編	1
知03	0557	0292	(知)	0293	(知)	佛說龍施女經	吳 支謙譯	1
知03	0558	0293	(知)	0294	(知)	佛說龍施菩薩本起經	西晉 竺法護譯	1
隸05	1674	1433	(隸)	1434	(隸)	龍樹菩薩勸誡王頌	唐 義淨譯	1
漆08	1672	1456	(漆)	1457	(漆)	龍樹菩薩為禪陀迦王說法要偈	宋 求那跋摩譯	1
漆07	2047b	1453	(漆)	1454	(漆)	龍樹菩薩傳	姚秦 鳩摩羅什譯	1
敬09	0597	0702	(敬)	0703	(敬)	龍王兄弟經	吳 支謙譯	1
忠02	0704	0785	(忠)	0786	(忠)	佛說樓閣正法甘露鼓經	宋 天息災譯	1
	0023	0546	(福)	0547	(福)	大樓炭經	西晉 法立共法炬譯	6
緣04	0057	0562	(緣)	0563	(緣)	漏分布經	後漢 安世高譯	1
當07	0539	0751	(當)	0752	(當)	盧至長者因緣經	失譯	1
維03	0182b	0511	(維)	0512	(維)	佛說鹿母經	西晉 竺法護譯	1
唱09	1461	1133	(唱)	1134	(唱)	律二十二明了論	弗陀多羅多造　陳 真諦譯	1
當04	0799	0732	(當)	0733	(當)	佛說略教誡經	唐 義淨譯	1
	1817	1224	(虧)	1225	(虧)	略明般若末後一頌[言*((夫*夫)/貝)]述	唐 義淨述	1
鍾07	0870	1425	(鍾)	1426	(鍾)	略述金剛頂瑜伽分別聖位修證法門	唐 不空譯	1
斯04	0038	0983	(斯)	0984	(斯)	輪王七寶經	宋 施護譯	1
當05	0747b	0736	(當)	0737	(當)	佛說輪轉五道罪福報應經	劉宋 求那跋陀羅譯	1
體10	0294	0102	(體)	0102	(體)	佛說羅摩伽經	西秦 聖堅譯	3
	0500	0741	(當)	0742	(當)	羅云忍辱經	西晉 法炬譯	1
	1330	0876	(臨)	0877	(臨)	囉[口*縛]拏說救療小兒疾病經	宋 法賢譯	1
	1390	0888	(臨)	0889	(臨)	佛說洛叉陀羅尼經	宋 法賢譯	1
漆07	2046	1452	(漆)	1453	(漆)	馬鳴菩薩傳	後秦 鳩摩羅什譯	1
	0115	0657	(慶)	0658	(慶)	佛說馬有八態譬人經	後漢 支曜譯	1
	0114	0656	(慶)	0657	(慶)	佛說馬有三相經	後漢 支曜譯	1
敬03	0732	0677	(敬)	0678	(敬)	佛說罵意經	後漢 安世高譯	1
慶10	0108	0651	(慶)	0652	(慶)	佛說滿願子經	失譯	1
	1101	1044	(止)	1045	(止)	佛說大方廣曼殊室利經	唐 不空譯	1
	1215	1415	(槁)	1416	(槁)	大乘方廣曼殊室利菩薩華嚴本教閻曼德迦忿怒王真言大威德儀軌品	唐 不空譯	1
杜03	1196	1068,1379	(言)	1069,1380	(言,杜)	曼殊室利菩薩吉祥伽陀	宋 法賢譯	1
能09	1182	0329	(能)	0330	(能)	曼殊室利菩薩咒藏中一字咒王經	唐 義淨譯	1
	1216	1416	(槁)	1417	(槁)	大方廣曼殊室利童真菩薩華嚴本教讚閻曼德迦忿怒王真言阿毘遮嚕迦儀軌品	唐 不空譯	1
慶01	0739	0631	(慶)	0632	(慶)	佛說慢法經	西晉 法炬譯	1
	0456	0204	(貞)	0205	(貞)	佛說彌勒大成佛經	姚秦 鳩摩羅什譯	1
貞06	0457	0201	(貞)	0202	(貞)	佛說彌勒來時經	失譯	1
推05	0349	0051	(推)	0051	(推)	彌勒菩薩所問本願經	西晉 竺法護譯	1
顛07	1525	1195	(顛)	1196	(顛)	彌勒菩薩所問經論	後魏 菩提流支譯	9
貞06	0455	0202	(貞)	0204	(貞)	佛說彌勒下生成佛經	唐 義淨譯	1
貞06	0454	0200	(貞)	0203	(貞)	佛說彌勒下生成佛經	後秦 鳩摩羅什譯	1
	1421	1116	(而益詠)	1117	(而益詠)	彌沙塞部和醯五分律	劉宋 佛陀什共竺道生等譯	30
隨10	1424	1147	(隨)	1148	(隨)	彌沙塞羯磨本	唐 愛同錄	1
杜01	1688	1376	(杜)	1377	(杜)	密跡力士大權神王經偈頌	元 管主八撰	1
凊05	0681	0439	(染)	0440	(染)	大乘密嚴經	唐 地婆訶羅譯	3
凊05	0682	0965	(清)	0966	(清)	大乘密嚴經	唐 不空譯	3
封10	1956	1470	(封)	1594	(郡)	密咒圓因往生集	夏 智廣等集	1
	1366	0903	(興)	0904	(深)	佛說祕密八名陀羅尼經	宋 法賢譯	1
	0883	1023	(淵)	1024	(淵)	佛說祕密三昧大教王經	宋 施護等譯	4
	0884	1020	(不)	1021	(不)	佛說祕密相經	宋 施護等譯	3
則08	0896	0816	(則)	0817	(則)	妙臂菩薩所問經	宋 法天譯	4
莫10	1364	0357	(莫)	0358	(莫)	妙臂印幢陀羅尼經	唐 實叉難陀譯	1
	0841	0272	(良)	0273	(良)	說妙法決定業障經	唐 智嚴譯	1
草08	0262	0130	(草)	0130	(草)	妙法蓮華經	姚秦 鳩摩羅什譯	7
賴08	0264	0135	(賴)	0135	(賴)	添品妙法蓮華經	隋 闍那崛多共笈多譯	7
草10	0262-p25	0133	(草)	0133	(草)	妙法蓮華經觀世音菩薩普門品經	姚秦 鳩摩羅什譯長行　隋 闍那笈譯重頌	1
虧06	1520	1226	(虧)	1227	(虧)	妙法蓮華經論優波提舍	婆藪般豆菩薩造　元魏 勒那摩提共僧朗譯	1
	1718	1528	(寔寧)	1491	(車駕)	妙法蓮華經文句	隋 智顗說	10
	1716	1526	(密勿)	1490-in	(祿-車)	妙法蓮華經玄義	隋 智顗說	10
遠10		1615	(曠遠)	1609	(曠遠)	妙法蓮華經要解	戒環解	20
	1519	1225	(虧)	1226	(虧)	妙法蓮華經憂波提舍	大乘論師婆藪槃豆釋　後魏 菩提流支共曇林等譯	2
忠08	0722	0798	(忠)	0799	(忠)	妙法聖念處經	宋 法天譯	8
隸07	1194	1437	(隸)	1438	(隸)	妙吉祥平等觀門大教王經略出護摩儀	宋 慈賢譯	1
	1192	1035	(取)	1036	(取)	妙吉祥平等祕密最上觀門大教王經	宋 慈賢譯	5
	1193	1430	(鍾)	1431	(鍾)	妙吉祥平等瑜伽祕密觀身成佛儀軌	宋 慈賢譯	1
斯07	0473	0989	(斯)	0990	(斯)	佛說妙吉祥菩薩所問大乘法螺經	宋 法賢譯	1
深03	1186	0906	(深)	0907	(深)	佛說妙吉祥菩薩陀羅尼	宋 法賢譯	1
	1242	1056	(言)	1057	(言)	佛說妙吉祥瑜伽大教金剛陪囉[口*縛]輪觀想成就儀軌經	宋 法賢譯	1
取04	1217	1034	(取)	1035	(取)	佛說妙吉祥最勝根本大教經	宋 法賢譯	3
臨08	1386	0880	(臨)	0881	(臨)	佛說妙色陀羅尼經	宋 法賢譯	1
景05	0163	0454	(景)	0455	(景)	妙色王因緣經	唐 義淨譯	1
臨08	1399	0885	(臨)	0886	(臨)	佛說滅除五逆罪大陀羅尼經	宋 法賢譯	1
維03	0435	0510	(維)	0511	(維)	佛說滅十方冥經	西晉 竺法護譯	1
絲06	0397-p17	0433	(絲)	0434	(絲)	明度五十校計經	後漢 安世高譯	2
綺08	1996	1519	(綺)	1585	(九)	明覺禪師語錄	宋 惟蓋竺編	6
當10	0519	0767	(當)	0768	(當)	佛說摩達國王經	劉宋 沮渠京聲譯	1
慶04	1300	0640	(慶)	0641	(慶)	摩登伽經	吳 竺律炎支謙共譯	2
慶02	0552	0639	(慶)	0640	(慶)	佛說摩登女解形中六事經	失譯	1
	0551	0638	(慶)	0639	(慶)	佛說摩鄧女經	後漢 安世高譯	1
	0226	0007	(潛)	0007	(潛)	摩訶般若鈔經	前秦 曇摩蜱共竺佛念譯	5
翔08	0250	0016	(翔)	0016	(翔)	摩訶般若波羅蜜大明咒經	姚秦 鳩摩羅什譯	1
鹹10	0223	0003	(薑海鹹)	0003	(薑海鹹)	摩訶般若波羅蜜經	後秦 鳩摩羅什譯	27
孝09	0497	0718	(孝)	0719	(孝)	佛說摩訶迦葉度貧母經	劉宋 求那跋陀羅譯	1
彼08	0383	0377	(彼)	0378	(彼)	摩訶摩耶經	蕭齊 曇景譯	2
存06	1425	1113	(攝-存)	1114	(攝-存)	摩訶僧祇律	東晉 佛陀跋陀羅共法顯譯	40
推07	0351	0054	(推)	0054	(推)	佛說摩訶衍寶嚴經	失譯	1
	1911	1530	(霸趙)	1493	(茂實)	摩訶止觀	隋 智顗說	10
盡07	1255b	0840	(盡)	0841	(盡)	佛說摩利支天經	唐 不空譯	1
盡08	1256	0841	(盡)	0842	(盡)	佛說摩利支天陀羅尼咒經	失譯	1
	1393	0481	(行)	0482	(行)	佛說摩尼羅亶經	東晉 曇無蘭譯	1
維04	0589	0512	(維)	0513	(維)	佛說魔逆經	西晉 竺法護譯	1
緣06	0066	0568	(緣)	0569	(緣)	魔嬈亂經	失譯	1
盡07	1254	0839	(盡)	0840	(盡)	末利支提婆華鬘經	唐 不空譯	1
當10	0517	0766	(當)	0767	(當)	佛說末羅王經	劉宋 沮渠京聲譯	1
	0786	0749	(當)	0750	(當)	佛說木[木*患]子經	失譯	1
則05	1468	0811	(則)	0812	(則)	佛說目連所問經	宋 法天譯	1
	1483b	1142	(隨)	1143	(隨)	佛說目連問戒律中五百輕重事	失譯	2
念08	1007	0531	(念)	0532	(念)	牟梨曼陀羅咒經	失譯	1
聚07	1670B	1350	(聚)	1351	(聚)	那先比丘經	失譯	3
	0554	0663	(尺)	0664	(尺)	佛說柰女耆婆經	後漢 安世高譯	1
	0553	0662	(尺)	0663	(尺)	佛說[木*奈]女祇域因緣經	後漢 安世高譯	1
尹10	2125	1484	(尹)	1537	(說)	南海寄歸內法傳	唐 義淨撰	4
	1933	1568	(起)			南嶽思大禪師立誓願文	陳 慧思撰	1
慶10	0113	0655	(慶)	0656	(慶)	佛說難提釋經	西晉 法炬譯	1
聚10	0610	1353	(聚)	1354	(聚)	佛說內身觀章句經	失譯	1
短01	0807	0381	(短)	0382	(短)	佛說內藏百寶經	後漢 支婁迦讖譯	1
	0220-k9	0011a	(翔)	0011a	(翔)	能斷金剛般若波羅蜜經	唐 玄奘譯	1
翔02	0239	0011b	(翔)	0011b	(翔)	佛說能斷金剛般若波羅蜜多經	唐 義淨譯	1
顛09	1514	1200	(顛)	1201	(顛)	能斷金剛般若波羅蜜多經論頌	無著菩薩造　唐 義淨譯	1
虧02	1513	1223	(虧)	1224	(虧)	能斷金剛般若波羅蜜多經論釋	無著菩薩造頌　世親菩薩釋　唐 義淨譯	3
斯01	1324	0976	(斯)	0977	(斯)	能淨一切眼疾病陀羅尼經	唐 不空譯	1
榮10	1810	1110	(榮)	1111	(榮)	尼羯磨	唐 懷素集	3
	0011	0945	(夙)	0946	(夙)	尼拘陀梵志經	宋 施護等譯	2
緣07	0086	0570	(緣)	0571	(緣)	泥犁經	東晉 竺曇無蘭譯	1
顛09	1528	1199	(顛)	1200	(顛)	涅槃經本有今無偈論	天親菩薩造　陳 真諦譯	1
	1766	1538	(土)	1516	(衡)	涅槃玄義發源機要	宋 智圓述	4
則05	1114	0813	(則)	0814	(則)	毘俱胝菩薩一百八名經	宋 法天譯	1
	1463	1132	(唱)	1133	(唱)	毘尼母經	失譯	8
	0003	0844	(盡)	0845	(盡)	毘婆尸佛經	宋 法天譯	2
凊10	1244	0968	(清)	0969	(清)	毘沙門天王經	唐 不空譯	1
凊10	1245	0843	(盡)	0844	(盡)	佛說毘沙門天王經	宋 法天譯	1
推10	0354	0056	(推)	0056	(推)	毘耶娑問經	元魏 瞿曇般若流支譯	2
當04	0217	0730	(當)	0731	(當)	譬喻經	唐 義淨譯	1
周02	0422	0074	(周)	0074	(周)	大集譬喻王經	隋 闍那崛多譯	2
逸10	1650	1254	(逸)	1255	(逸)	辟支佛因緣論	失譯	2
敬06	0797b	0687	(敬)	0688	(敬)	佛說貧窮老公經	劉宋 慧簡譯	1
善08	0133	0614	(善)	0615	(善)	頻毘娑羅王詣佛供養經	西晉 法炬譯	1
臨10	0041	0894	(臨)	0895	(臨)	頻婆娑羅王經	劉宋 法賢譯	1
	0511	0665	(璧)	0666	(璧)	佛說蓱沙王五願經	吳 支謙譯	1
善08	0131	0612	(善)	0613	(善)	佛說婆羅門避死經	後漢 安世高譯	1
緣09	0091	0577	(緣)	0578	(緣)	婆羅門子命終愛念不離經	後漢 安世高譯	1
	2049	1455	(漆)	1456	(漆)	婆藪槃豆法師傳	陳 真諦譯	1
微10	2109	1492	(微)	1524	(曲)	破邪論	唐 法琳撰	2
星02	1574	1297	(星)	1298	(星)	大乘破有論	龍樹菩薩造　宋 施護譯	1
維01	0188	0504	(維)	0505	(維)	異出菩薩本起經	西晉 聶道真譯	1
右09	0160	1304	(右)	1305	(右)	菩薩本生鬘論	宋 紹德慧詢等譯	16
墨10	0155	0427	(墨)	0428	(墨)	菩薩本行經	失譯	3
壹03	0281	0096	(壹)	0096	(壹)	佛說菩薩本業經	吳 支謙譯	1
	0153	1349	(聚)	1350	(聚)	菩薩本緣經	吳 支謙譯	3
	0384	0428	(悲)	0429	(悲)	菩薩從兜術天降神母胎說廣普經	姚秦 竺佛念譯	7
	0532	0372	(彼)	0373	(彼)	私呵昧經	吳 支謙譯	1
安08	1581	1080	(安)	1081	(安)	菩薩地持經	北涼 曇無讖譯	10
	0615	1408	(槁)	1409	(槁)	菩薩訶色欲法經	姚秦 鳩摩羅什譯	1
篤10	1501	1092	(篤)	1093	(篤)	菩薩戒本	彌勒菩薩說　唐 玄奘譯	1
篤10	1500	1090	(篤)	1091	(篤)	菩薩戒本	慈氏菩薩說　北涼 曇無讖譯	1
篤09	1499	1091	(篤)	1092	(篤)	菩薩戒羯磨文	彌勒菩薩說　唐 玄奘譯	1
	1811	1546	(何)	1508	(伊)	菩薩戒義疏	隋 智顗說　灌頂記	2
言08	1487	1076	(言)	1077	(言)	佛說菩薩內戒經	宋 求那跋摩譯	1
悲10	0778	0430	(悲)	0431	(悲)	佛說菩薩內習六波羅蜜經	後漢 嚴佛調譯	1
弔10	0414	0067	(弔)	0067	(弔)	菩薩念佛三昧經	劉宋 功德直譯	5
	0415	0068	(民)	0068	(民)	大方等大集經菩薩念佛三昧分	隋 達磨笈多譯	10
潔05	0174	0211	(潔)	0212	(潔)	菩薩睒子經	失譯	1
辭10	1582	1079	(辭)	1080	(辭)	菩薩善戒經	劉宋 求那跋摩譯	9
辭10	1583	1079-j10	(辭)		(辭)	菩薩善戒經	劉宋 求那跋摩譯	1
彼03	0533	0373	(彼)	0374	(彼)	菩薩生地經	吳 支謙譯	1
壹04	0308	0099	(壹)	0099	(壹)	佛說大方廣菩薩十地經	元魏 吉迦夜譯	1
率01	0284	0105	(率)	0105	(率)	佛說菩薩十住經	東晉 祇多蜜譯	1
	0283	0104	(率)	0104	(率)	菩薩十住行道品	西晉 竺法護譯	1
潔07	0528	0223	(潔)	0224	(潔)	佛說菩薩逝經	西晉 白法祖譯	1
初04	1502	1099	(初)	1100	(初)	菩薩受齋經	西晉 聶道真譯	1
	0172	0431	(悲)	0432	(悲)	菩薩投身飴餓虎起塔因緣經	北涼 法盛譯	1
	1504	1096	(初)	1097	(初)	菩薩五法懺悔文	失譯	1
養10	0271	0173	(養)	0174	(養)	佛說菩薩行方便境界神通變化經	劉宋 求那跋陀羅譯	3
短01	0812	0383	(短)	0384	(短)	菩薩行五十緣身經	西晉 竺法護譯	1
短01	0330	0384	(短)	0385	(短)	佛說菩薩修行經	西晉 白法祖譯	1
良04	0773	0262	(良)	0263	(良)	佛說菩薩修行四法經	唐 地婆訶羅譯	1
篤02	1485	1086	(篤)	1087	(篤)	菩薩瓔珞本業經	姚秦 竺佛念譯	2
讃10	0656	0440	(詩贊)	0441	(詩贊)	菩薩瓔珞經	姚秦 竺佛念譯	14
	1503	1077	(言)	1078	(言)	優婆塞五戒威儀經	宋 求那跋摩譯	1
初03	1491	1097	(初)	1098	(初)	菩薩藏經	梁 僧伽婆羅譯	1
若10	1191	1050	(若)	1051	(若)	大方廣菩薩藏文殊師利根本儀軌經	宋 天息災譯	20
松10	0316	0999	(如松)	1000	(如松)	佛說大乘菩薩藏正法經	宋 法護等譯	40
不08	0950	1018	(不)	1019	(不)	菩提場所說一字頂輪王經	唐 不空譯	5
不09	1008	1019	(不)	1020	(不)	菩提場莊嚴陀羅尼經	唐 不空譯	1
臨04	1663	0866	(臨)	0867	(臨)	菩提心觀釋	宋 法天譯	1
星02	1661	1296	(星)	1297	(星)	菩提心離相論	龍樹菩薩造　宋 施護譯	1
亦06	1662	1346	(亦)	1347	(亦)	菩提行經	龍樹菩薩集頌　宋 天息災譯	4
仁10	1660	1174	(仁)	1175	(仁)	菩提資糧論	龍樹本　自在比丘釋　隋 達磨笈多譯	6
	1153	1036	(取)	1037	(取)	普遍光明清淨熾盛如意寶印心無能勝大明王大隨求陀羅尼經	唐 不空譯	2
	0627	0177	(毀)	0178	(毀)	文殊支利普超三昧經	西晉 竺法護譯	3
當08	0522	0752	(當)	0753	(當)	普達王經	失譯	1
緣09	0098	0581	(緣)	0582	(緣)	普法義經	後漢 安世高譯	1
服05	0315b	0027	(服)	0027	(服)	佛說普門品經	西晉 竺法護譯	1
	1124	1434	(隸)	1435	(隸)	普賢金剛薩埵略瑜伽念誦儀軌	唐 不空譯	1
	1126	0847	(盡)	0848	(盡)	佛說普賢曼拏羅經	宋 施護譯	1
盡02	1127	0835	(盡)	0836	(盡)	佛說普賢菩薩陀羅尼經	宋 法天譯	1
	0297	1136	(唱)	1137	(唱)	普賢菩薩行願讚	唐 不空譯	1
壹03	0298	0094	(壹)	0094	(壹)	大方廣普賢所說經	唐 實叉難陀譯	1
大10	0186	0156	(大)	0156	(大)	普曜經	西晉 竺法護譯	8
	0150A	0643	(慶)	0644	(慶)	七處三觀經	後漢 安世高譯	1
善10	0004	0621	(善)	0622	(善)	七佛父母姓字經	失譯	1
命09	0002	0854	(命)	0855	(命)	七佛經	宋 法天譯	1
	1332	0442	(羊)	0443	(羊)	七佛八菩薩所說大陀羅尼神咒經	失譯	4
	1682	1059	(言)	1060	(言)	七佛讚唄伽他	宋 法天譯	1
	1076	0341	(莫)	0342	(莫)	七俱胝佛母所說准提陀羅尼經	唐 不空譯	1
	1077	0339	(莫)	0340	(莫)	佛說七俱胝佛母心大准提陀羅尼經	唐 地婆訶羅譯	1
	1075	0340	(莫)	0341	(莫)	佛說七俱胝佛母准提大明陀羅尼經	唐 金剛智譯	1
敬10	0556	0704	(敬)	0705	(敬)	佛說七女經	吳 支謙譯	1
緣03	0027	0552	(緣)	0553	(緣)	七知經	吳 支謙譯	1
積10	0024	0545	(積)	0545	(積)	起世經	隋 闍那崛多等譯	10
惡10	0025	0544	(惡)	0546	(惡)	起世因本經	隋 達摩笈多譯	10
維02	0426	0506	(維)	0507	(維)	佛說千佛因緣經	後秦 鳩摩羅什譯	1
輔05	1950	1509	(輔)	1579	(馳)	千手眼大悲心咒行法	宋 知禮集	1
能03	1060	0315	(能)	0316	(能)	千手千眼觀世音菩薩廣大圓滿無礙大悲心陀羅尼經	唐 伽梵達摩譯	1
能02	1058	0314	(能)	0315	(能)	千手千眼觀世音菩薩姥陀羅尼身經	唐 菩提流志譯	1
	1057b	0313	(能)	0314	(能)	千眼千臂觀世音菩薩陀羅尼神咒經	唐 智通譯	2
命01	1036	0850	(命)	0851	(命)	千轉大明陀羅尼經	宋 施護譯	1
	1035	0324	(能)	0325	(能)	千轉陀羅尼觀世音菩薩咒	唐 智通譯	1
良05	0178	0265	(良)	0266	(良)	前世三轉經	西晉 法炬譯	1
	1038	0489	(行)	0490	(行)	清淨觀世音普賢陀羅尼經	唐 智通譯	1
初02	1489	1095	(初)	1096	(初)	清淨毘尼方廣經	後秦 鳩摩羅什譯	1
	1689	1340	(墳)	1341	(墳)	請賓頭盧法	劉宋 慧簡譯	1
輔04	1949	1507	(輔)	1576	(馳)	請觀世音菩薩消伏毒害陀羅尼三昧儀	宋 遵式集	1
能07	1043	0321	(能)	0322	(能)	請觀世音菩薩消伏毒害陀羅尼咒經	東晉 難提譯	1
法01	1800	1554	(法)	1510	(伊)	請觀音經疏	隋 智顗說　灌頂記	1
法05	1801	1555	(呂7)			請觀音經疏闡義鈔	宋 智圓述	4
緣05	0049	0564	(緣)	0565	(緣)	求欲經	西晉 法炬譯	1
緣10	0060	0586	(緣)	0587	(緣)	瞿曇彌記果經	劉宋 慧簡譯	1
匪10	1622	1220	(匪)	1221	(匪)	取因假設論	陳那菩薩造　唐 義淨譯	1
隸05	1673	1432	(隸)	1433	(隸)	勸發諸王要偈	龍樹菩薩撰　宋 僧伽跋摩譯	1
當08	0215	0758	(當)	0759	(當)	群牛譬經	西晉 法炬譯	1
興10	1264b	0955	(興)	0956	(興)	佛說穰麌梨童女經	唐 不空譯	1
福09	0014	0548	(福)	0549	(福)	人本欲生經	後漢 安世高譯	1
臨10	0009	0895	(臨)	0896	(臨)	人仙經	宋 法賢譯	1
藁08	0995	1411	(槁)	1412	(槁)	仁王般若念誦法	唐 不空譯	1
杜10	0996	1398	(杜)	1399	(杜)	仁王般若陀羅尼釋	唐 不空譯	1
溫10	0246	0959	(溫)	0960	(溫)	仁王護國般若波羅蜜多經	唐 不空譯	2
	0994	1427	(鍾)	1428	(鍾)	仁王護國般若波羅蜜多經陀羅尼念誦儀軌	唐 不空譯	1
	0245	0014	(翔)	0014	(翔)	佛說仁王般若波羅蜜經	後秦 鳩摩羅什譯	2
韓09	1706	1559	(韓)			仁王護國般若波羅蜜經疏神寶記	宋 善月述	4
韓05	1705	1558	(韓)	1499	(碑)	仁王護國般若經疏	隋 智顗說　灌頂記	5
力10	0333	0782	(力)	0783	(力)	佛說大乘日子王所問經	宋 法天譯	1
有10	0397-p14	0058	(有)	0058	(有)	大乘大方等日藏經	隋 那連提耶舍譯	10
翔05	0234	0013	(翔)	0013	(翔)	佛說濡首菩薩無上清淨分衛經	宋 翔公譯	2
	0372	0971	(似)	0972	(似)	佛說如幻三摩地無量印法門經	宋 施護等譯	3
裳06	0342	0043	(裳)	0043	(裳)	佛說如幻三昧經	西晉 竺法護譯	2
壹02	0301	0093	(壹)	0093	(壹)	大方廣如來不思議境界經	唐 實叉難陀譯	1
	0312	1037	(映)	1038	(映)	佛說如來不思議祕密大乘經	宋 法護譯	20
良09	0623	0278	(良)	0279	(良)	佛說如來獨證自誓三昧經	西晉 竺法護譯	1
罔04	1334	0362	(罔)	0363	(罔)	如來方便善巧咒經	隋 闍那崛多譯	1
	0821	0438	(染)	0439	(染)	大方廣如來祕密藏經	失譯	2
良03	0835	0257	(良)	0258	(良)	如來師子吼經	元魏 佛陀扇多譯	1
才01	0515	0244	(才)	0245	(才)	如來示教勝軍王經	唐 玄奘譯	1
邇10	0291	0088	(邇)	0088	(邇)	佛說如來興顯經	西晉 竺法護譯	4
彼09	0666	0379	(彼)	0380	(彼)	大方等如來藏經	東晉 佛陀跋陀羅譯	1
才05	0633	0250	(才)	0251	(才)	佛說如來智印經	失譯	1
男10	0357	0240	(男)	0241	(男)	如來莊嚴智慧光明入一切佛境界經	元魏 曇摩流支譯	2
逸02	1633	1244	(逸)	1245	(逸)	如實論	陳真 諦譯	1
則10	1404	0830	(則)	0831	(則)	佛說如意寶總持王經	宋 施護譯	1
鍾10	1090	1429	(鍾)	1430	(鍾)	佛說如意輪蓮華心如來修行觀門儀	宋 慈賢譯	1
能05	1080	0319	(能)	0320	(能)	如意輪陀羅尼經	唐 菩提流志譯	1
則09	1403	0823	(則)	0824	(則)	佛說如意摩尼陀羅尼經	宋 施護譯	1
潔10	0809	0229	(潔)	0230	(潔)	佛說乳光佛經	西晉 竺法護譯	1
笙10	1554	1283	(笙)	1284	(笙)	入阿毘達磨論	塞建陀羅造　唐 玄奘譯	2
靜07	1634	1236	(靜)	1237	(靜)	入大乘論	堅意菩薩造　北涼 道泰等譯	2
被09	0646	0127	(被)	0127	(被)	入定不定印經	唐 義淨譯	1
裳10	0355	0047	(裳)	0047	(裳)	入法界體性經	隋 闍那崛多譯	1
鞠10	0671	0171	(鞠)	0172	(鞠)	入楞伽經	元魏 菩提流支譯	10
養07	0672	0172	(養)	0173	(養)	大乘入楞伽經	唐 實叉難陀譯	7
壹01	0304	0089	(壹)	0089	(壹)	大方廣入如來智德不思議經	唐 實叉難陀譯	1
夙03	0654	0936	(夙)	0937	(夙)	佛說入無分別法門經	宋 施護譯	1
之06	0359	1007	(之)	1008	(之)	佛說大乘入諸佛境界智光明莊嚴經	宋 法護等譯	5
	0030	0864	(臨)	0865	(臨)	薩[金*本]多酥哩踰捺野經	宋 法賢譯	1
信06	0520	0412	(信)	0413	(信)	佛說薩羅國經	失譯	1
下10	1441	1126	(下)	1127	(下)	薩婆多部毘尼摩得勒伽	劉宋 僧伽跋摩譯	10
夫08	1440	1129	(夫)	1130	(夫)	薩婆多毘尼毘婆沙	失譯	9
	0265	0132	(草)	0132	(草)	薩曇分陀利經	失譯	1
畫07	1506	1263	(畫)	1264	(畫)	三法度論	東晉 僧伽提婆譯	3
善05	0072	0600	(善)	0601	(善)	三歸五戒慈心厭離功德經	失譯	1
墳07	0768	1337	(墳)	1338	(墳)	三慧經	失譯	1
定09	1493	1084	(定)	1085	(定)	大乘三聚懺悔經	隋 闍那崛多共笈多等譯	1
黜10	2117	1635	(黜)			三教平心論	元 劉謐撰	2
	0446a-h1	0400-h1	(長)		(長)	三劫三千佛緣起	劉宋 畺良耶舍譯	1
乃03	0311	0021	(乃)	0021	(乃)	大方廣三戒經	北涼 曇無讖譯	3
	1534	1188	(節)	1189	(節)	三具足經憂波提舍	元魏 毘目智仙譯	1
	0483	1098	(初)	1099	(初)	三曼陀跋陀羅菩薩經	西晉 聶道真譯	1
	0635	0432	(絲)	0433	(絲)	佛說弘道廣顯三昧經	西晉 竺法護譯	4
畫10	1649	1264	(畫)	1265	(畫)	三彌底部論	失譯	3
善08	0129	0611	(善)	0612	(善)	佛說三摩竭經	吳 竺律炎譯	1
景10	0767	0461	(景)	0462	(景)	佛說三品弟子經	吳 支謙譯	1
	1677	1066	(言)	1067	(言)	三身梵讚	宋 法賢譯	1
斯01	0326	0973	(斯)	0974	(斯)	佛說三十五佛名禮懺文	唐 不空譯	1
沛10	1617	1211	(沛)	1212	(沛)	三無性論	陳 真諦譯	2
慶10	0110	0653	(慶)	0654	(慶)	佛說三轉法輪經	唐 義淨譯	1
羊08	0423	0444	(羊)	0445	(羊)	僧伽吒經	元魏 月婆首那譯	4
	0194	1344	(典)	1345	(典)	僧伽羅剎所集經	符秦 僧伽跋澄等譯	3
	0617	1365	(英)	1366	(英)	思惟略要法	姚秦 鳩摩羅什譯	1
傷10	0586	0185	(傷)	0186	(傷)	思益梵天所問經	姚秦 鳩摩羅什譯	4
	1505	1373	(英)	1374	(英)	四阿鋡暮抄解	婆素跋陀造　符秦 鳩摩羅佛提等譯	2
景10	0769	0462	(景)	0463	(景)	佛說四輩經	西晉 竺法護譯	1
短02	0770	0387	(短)	0388	(短)	佛說四不可得經	西晉 竺法護譯	1
善04	0032	0593	(善)	0594	(善)	四諦經	後漢 安世高譯	1
逸09	1647	1253	(逸)	1254	(逸)	四諦論	婆藪跋摩造　陳 真諦譯	4
維07	0772	0261	(良)	0262	(良)	大乘四法經	唐 地婆訶羅譯	1
維07	0774	0515	(維)	0516	(維)	大乘四法經	唐 實叉難陀譯	1
卑10	1434	1123	(卑)	1124	(卑)	四分比丘尼羯磨法	劉宋 求那跋摩譯	1
外04	1431	1149	(外)	1150	(外)	四分比丘尼戒本	後秦 佛陀耶舍譯	1
	1430	1148-j2	(外)	1149b	(外)	四分僧戒本	後秦 佛陀耶舍譯	1
	1429	1148	(外)	1149a	(外)	四分律比丘戒本	後秦 佛陀耶舍譯	1
	1808	1114	(存)	1115	(存)	四分律刪補隨機羯磨	唐 道宣集	2
	1428	1111	(業-無)	1112	(業-無)	四分律	姚秦 佛陀耶舍共竺佛念等譯	60
	1809	1122	(卑)	1123	(卑)	僧羯磨	唐 懷素集	3
弊06	1929	1561	(弊)	1511	(伊)	四教義	隋 智顗撰	12
善10	0139	0625	(善)	0626	(善)	佛說四泥犁經	東晉 竺曇無蘭譯	1
法10	1918	1557	(法)	1487	(纓)	四念處	隋 智顗說	4
斯07	0776	0990	(斯)	0991	(斯)	佛說四品法門經	宋 法賢譯	1
	0771	1409	(槁)	1410	(槁)	四品學法經	劉宋 求那跋陀羅譯	1
緣10	0127	0584	(緣)	0585	(緣)	佛說四人出現世間經	劉宋 求那跋陀羅譯	1
璧10 	0784	0673	(璧)	0674	(璧)	四十二章經	後漢 迦葉摩騰共法蘭譯	1
孝09	0590	0717	(孝)	0718	(孝)	佛說四天王經	宋 智嚴共寶雲譯	1
食09	0379	0117	(食)	0117	(食)	四童子三昧經	隋 闍那崛多譯	3
善09	0136	0619	(善)	0620	(善)	佛說四未曾有法經	西晉 竺法護譯	1
臨07	0775	0868	(臨)	0869	(臨)	佛說四無所畏經	宋 施護譯	1
敬08	0735	0694	(敬)	0695	(敬)	佛說四願經	吳 支謙譯	1
當06	0736	0740	(當)	0741	(當)	佛說四自侵經	西晉 竺法護譯	1
	0895a	0526	(賢)	0527	(賢)	蘇婆呼童子請問經	唐 輸波迦羅譯	3
鍾02	0894a	1417	(鍾)	1418	(鍾)	蘇悉地羯羅供養法	唐 善無畏譯	3
尅10	0893b	0528	(克)	0529	(克)	蘇悉地羯羅經	唐 輸波迦羅譯	3
	1382	0908	(深)	0909	(深)	佛說宿命智陀羅尼	宋 法賢譯	1
臨08	1383	0883	(臨)	0884	(臨)	佛說宿命智陀羅尼經	宋 法賢譯	1
	1277	1388	(杜)	1389	(杜)	速疾立驗魔醯首羅天說阿尾奢法	唐 不空譯	1
行05	1154	0492	(行)	0493	(行)	佛說隨求即得大自在陀羅尼神咒經	唐 寶思惟譯	1
筵10	1641	1272	(筵)	1273	(筵)	隨相論	德慧法師造　陳 真諦譯	1
	0652	1006	(之)	1007	(之)	佛說大乘隨轉宣說諸法經	宋 紹德等譯	3
	2147	1600	(尹)	1512	(尹)	眾經目錄	隋 彥琮撰	5
當08	0582	0755	(當)	0756	(當)	佛說孫多耶致經	吳 支謙譯	1
敬10	0737	0707	(敬)	0708	(敬)	所欲致患經	西晉 竺法護譯	1
當06	0501	0743	(當)	0744	(當)	佛說沙曷比丘功德經	西晉 法炬譯	1
慶02	0750	0634	(慶)	0635	(慶)	沙彌羅經	失譯	1
隨08	1474	1145	(隨)	1146	(隨)	沙彌尼戒經	失譯	1
受03	1475	1158	(受)	1159	(受)	沙彌尼離戒文	失譯	1
婦08	1471	1139	(婦)	1140	(婦)	沙彌十戒法并威儀	失譯	1
則02	1473	0802	(則)	0803	(則)	佛說沙彌十戒儀則經	宋 施護譯	1
受03	1472	1157	(受)	1158	(受)	沙彌威儀	宋 求那跋摩譯	1
潔05	0175c	0212	(潔)	0213	(潔)	佛說睒子經	姚秦 聖堅譯	1
	1137	0364	(罔)	0365	(罔)	佛說善法方便陀羅尼經	失譯	1
良07	1495	0270	(良)	0271	(良)	善恭敬經	隋 闍那崛多譯	1
忠02	0472	0786	(忠)	0787	(忠)	佛說大乘善見變化文殊師利問法經	宋 天息災譯	1
	1462	1119	(禮別)	1120	(禮別)	善見律毘婆沙	蕭齊 僧伽跋陀羅譯	18
深02	1380	0899	(深)	0900	(深)	佛說善樂長者經	宋 法賢譯	1
深10	0346	0920	(深)	0921	(深)	佛說大方廣善巧方便經	宋 施護譯	4
敢10	0479	0176	(敢)	0177	(敢)	善思童子經	隋 闍那崛多譯	2
善03	0017	0590	(善)	0591	(善)	善生子經	宋 支法度譯	1
行06	1362	0495	(行)	0496	(行)	佛說善夜經	唐 義淨譯	1
	0341	0044	(裳)	0044	(裳)	聖善住意天子所問經	元魏 毘目智仙共般若流支譯	3
維06	0591	0514	(維)	0515	(維)	商主天子所問經	隋 闍那崛多譯	1
百10		1596	(百)			紹興重雕大藏音	宋 處觀集	3
臨02	0711	0861	(臨)	0862	(臨)	大乘舍黎娑擔摩經	宋 施護譯	1
寫10	1548	1260	(驚圖寫)	1261	(驚圖寫)	舍利弗阿毘曇論	姚秦 曇摩耶舍共曇摩崛多等譯	30
初04	1492	1100	(初)	1101	(初)	佛說舍利弗悔過經	後漢 安世高譯	1
	0137	0620	(善)	0621	(善)	舍利弗摩訶目連遊四衢經	後漢 康孟詳譯	1
	1016	0348	(莫)	0349	(莫)	舍利弗陀羅尼經	梁 僧伽婆羅譯	1
隨08	1465	1146	(隨)	1147	(隨)	舍利弗問經	失譯	1
	1301	0641	(慶)	0642	(慶)	舍頭諫太子二十八宿經	西晉 竺法護譯	1
善10	0146	0626	(善)	0627	(善)	舍衛國王夢見十事經	失譯	1
隱10	1592	1176b	(隱)	1177b	(隱)	攝大乘論	阿僧伽作　後魏 佛陀扇多譯	2
隱10	1593	1176a	(隱)	1177a	(隱)	攝大乘論	無著菩薩造　陳 真諦譯	3
情05	1594	1240	(情)	1241	(情)	攝大乘論本	無著菩薩造　唐 玄奘譯	3
	0825	0466	(景)	0467	(景)	佛說甚深大迴向經	失譯	1
效05	0675	0241	(效)	0242	(效)	深密解脫經	元魏 菩提流支譯	5
孝09	0612	0721	(孝)	0722	(孝)	身觀經	西晉 竺法護譯	1
	0757	0948	(夙)	0949	(夙)	佛說身毛喜豎經	宋 惟淨等譯	3
潔07	0536	0226	(潔)	0227	(潔)	申日兒本經	劉宋 求那跋陀羅譯	1
城10	2064	1612	(城)	1624	(畝)	神僧傳	明太宗御製	9
良03	0689	0256	(良)	0257	(良)	甚希有經	唐 玄奘譯	1
璧05 	0154	0664	(璧)	0665	(璧)	生經	西晉 竺法護譯	5
斯07	0230	0993	(斯)	0994	(斯)	聖八千頌般若波羅蜜多一百八名真實圓義陀羅尼經	宋 施護等譯	1
	1284	1039	(止)	1040	(止)	佛說聖寶藏神儀軌經	宋 法天譯	2
則02	1165	0803	(則)	0804	(則)	聖持世陀羅尼經	宋 施護譯	1
則10	1371	0824	(則)	0825	(則)	佛說聖大總持王經	宋 施護譯	1
	1107	1073	(言)	1074	(言)	聖多羅菩薩梵讚	宋 施護譯	1
深02	1104	0900	(深)	0901	(深)	佛說聖多羅菩薩經	宋 法賢譯	1
則03	1105	0807	(則)	0808	(則)	聖多羅菩薩一百八名陀羅尼經	宋 法天譯	1
慶09	0103	0647	(慶)	0648	(慶)	佛說聖法印經	西晉 竺法護譯	1
薄07	0257	0929	(薄)	0930	(薄)	佛說聖佛母般若波羅蜜多經	宋 施護譯	1
右10	1516	1305	(右)	1306	(右)	聖佛母般若波羅蜜多九頌精義論	勝德赤衣菩薩造　宋 法護等譯	2
忠03	0258	0791	(忠)	0792	(忠)	佛說聖佛母小字般若波羅蜜多經	宋 天息災譯	1
	1099	0981	(斯)	0982	(斯)	佛說聖觀自在菩薩不空王祕密心陀羅尼經	宋 施護等譯	1
	1055	1072	(言)	1073	(言)	佛說聖觀自在菩薩梵讚	宋 法賢譯	1
	1053	1070	(言)	1071	(言)	聖觀自在菩薩功德讚	宋 施護譯	1
藁07	1031	1407	(槁)	1408	(槁)	聖觀自在菩薩心真言瑜伽觀行儀軌	唐 不空譯	1
則05	1054	0810	(則)	0811	(則)	聖觀自在菩薩一百八名經	宋 天息災譯	1
力09	1164	0781	(力)	0782	(力)	佛說大乘聖吉祥持世陀羅尼經	宋 法天譯	1
言04	1222b	1058	(言)	1059	(言)	聖迦柅忿怒金剛童子菩薩成就儀軌經	唐 不空譯	3
	1131	1069	(言)	1070	(言)	聖金剛手菩薩一百八名梵讚	宋 法賢譯	1
	1108A	1062	(言)	1063	(言)	聖救度佛母二十一種禮讚經	唐 安藏譯	1
命01	1047	0849	(命)	0850	(命)	佛說聖六字大明王陀羅尼經	宋 施護譯	1
臨07	1049	0870	(臨)	0871	(臨)	聖六字增壽大明陀羅尼經	宋 施護譯	1
澄01	1190	1026	(澄)	1027	(澄)	聖妙吉祥真實名經	元 釋智譯	1
力09	0937	0780	(力)	0781	(力)	佛說大乘聖無量壽決定光明王如來陀羅尼經	宋 法天譯	1
則10	1236	0827	(則)	0828	(則)	聖無能勝金剛火陀羅尼經	宋 法天譯	1
忠02	1147	0787	(忠)	0788	(忠)	聖虛空藏菩薩陀羅尼經	宋 法天譯	1
藁10	1214	1414	(槁)	1415	(槁)	聖閻曼德迦威怒王立成大神驗念誦法	唐 不空譯	1
則02	1303	0805	(則)	0806	(則)	佛說聖曜母陀羅尼經	宋 法天譯	1
忠03	1355	0793	(忠)	0794	(忠)	佛說聖最上燈明如來陀羅尼經	宋 施護譯	1
臨07	1409	0872	(命)	0873	(臨)	聖最勝陀羅尼經	宋 施護譯	1
	1376	0848	(命)	0849	(命)	佛說聖莊嚴陀羅尼經	宋 施護譯	2
莫10	1363	0356	(莫)	0357	(莫)	勝幢臂印陀羅尼經	唐 玄奘譯	1
命01	1410	0852	(命)	0853	(命)	佛說勝幡瓔珞陀羅尼經	宋 施護譯	1
	1692	0814	(則)	0815	(則)	勝軍化世百喻伽他經	宋 天息災譯	1
斯04	0516	0982	(斯)	0983	(斯)	佛說勝軍王所問經	宋 施護譯	1
推08	0353	0055	(推)	0055	(推)	勝鬘師子吼一乘大方便方廣經	劉宋 求那跋陀羅譯	1
傷06	0587	0184	(傷)	0185	(傷)	勝思惟梵天所問經	元魏 菩提流支譯	6
弗10	1532	1185	(弗)	1186	(弗)	勝思惟梵天所問經論	天親菩薩造　後魏 菩提流支譯	4
羽07	0231	0009	(羽)	0009	(羽)	勝天王般若波羅蜜經	陳 月婆首那譯	7
納10	2138	1287	(納)	1288	(納)	勝宗十句義論	慧月造　唐 玄奘譯	1
福10	0016	0550	(福)	0551	(福)	尸迦羅越六方禮經	後漢 安世高譯	1
能10	1357	0333	(能)	0334	(能)	佛說師子奮迅菩薩所問經	失譯	1
良03	0836	0258	(良)	0259	(良)	大方廣師子吼經	唐 地婆訶羅譯	1
景05	0164	0455	(景)	0456	(景)	師子素馱娑王斷肉經	唐 智嚴譯	1
信05	0176	0409	(信)	0410	(信)	師子月佛本生經	失譯	1
景05	0486	0457	(景)	0458	(景)	師子莊嚴王菩薩請問經	唐 那提譯	1
難08	0702	0423	(難)	0424	(難)	佛說施燈功德經	高齊 那連提耶舍譯	1
通07	1538	1309	(通)	1310	(通)	施設論	宋 法護等譯	7
	0132b	0613	(善)	0614	(善)	施食獲五福報經	失譯	1
斯07	1373	0992	(斯)	0993	(斯)	佛說施一切無畏陀羅尼經	宋 施護等譯	1
翔08	0240	0015	(翔)	0015	(翔)	實相般若波羅蜜經	唐 菩提流志譯	1
	1118	0887	(臨)	0888	(臨)	佛說十八臂陀羅尼經	宋 法賢譯	1
席10	2032	1276	(席)	1277	(席)	十八部論	陳 真諦譯	1
造07	1616	1179	(造)	1180	(造)	十八空論	龍樹菩薩造　陳 真諦譯	1
敬06	0731	0683	(敬)	0684	(敬)	佛說十八泥犁經	後漢 安世高譯	1
	1928	1574	(起)	1553	(寔)	十不二門指要鈔	宋 知禮述	2
英03	0727	1371	(英)	1372	(英)	十不善業道經	馬鳴菩薩集　宋 日稱等譯	1
節02	1522	1186	(離節)	1187	(離節)	十地經論	天親菩薩造　後魏 菩提流支等譯	12
能09	1348	0330	(能)	0331	(能)	佛說十二佛名神咒校量功德除障滅罪經	隋 闍那崛多譯	1
造06	1568	1178	(造)	1179	(造)	十二門論	龍樹菩薩造　姚秦 鳩摩羅什譯	1
當05	0753	0735	(當)	0736	(當)	十二品生死經	劉宋 求那跋陀羅譯	1
羊10	0783	0447	(羊)	0448	(羊)	佛說十二頭陀經	劉宋 求那跋陀羅譯	1
沛05	1651	1203	(沛)	1204	(沛)	十二因緣論	淨意菩薩造　後魏 菩提流支譯	1
	0195	1366	(英)	1367	(英)	佛說十二遊經	東晉 迦留陀伽譯	1
	0719	0808	(則)	0809	(則)	十二緣生祥瑞經	宋 施護譯	2
服04	0314	0026	(服)	0026	(服)	佛說大乘十法經	梁 僧伽婆羅譯	1
盡01	0782	0833	(盡)	0834	(盡)	佛說十號經	宋 天息災譯	1
信06	0432	0413	(信)	0414	(信)	佛說十吉祥經	失譯	1
唐08	0410	0061	(唐)	0061	(唐)	大方廣十輪經	失譯	8
微05	2111	1490	(微)	1535	(說)	十門辯惑論	唐 復禮撰	3
受04	1439	1159	(受)	1160	(受)	十誦羯磨比丘要用	劉宋 僧璩撰出	1
榮05	1435	1109	(誠-榮)	1110	(誠-榮)	十誦律	後秦 弗若多羅共羅什譯	61
	1436	1153	(外)	1154	(外)	十誦比丘波羅提木叉戒本	姚秦 鳩摩羅什譯	1
	1437	1154		1155	(外)	十誦比丘尼波羅提木叉戒本	劉宋 法顯集出	1
	1435-j60~j61	1138	(婦)	1139	(婦)	十誦律毗尼序	東晉 卑摩羅叉續譯	3
初01	0600	1094	(初)	1095	(初)	十善業道經	唐 實叉難陀譯	1
能07	1070	0322	(能)	0323	(能)	佛說十一面觀世音神咒經	北周 耶舍崛多譯	1
	1069	1049	(止)	1050	(止)	十一面觀自在菩薩心密言念誦儀軌經	唐 不空譯	3
能08	1071	0323	(能)	0324	(能)	十一面神咒心經	唐 玄奘譯	1
善10	0138	0624	(善)	0625	(善)	佛說十一想思念如來經	劉宋 求那跋陀羅譯	1
緣09	0092	0578	(緣)	0579	(緣)	十支居士八城人經	後漢 安世高譯	1
	0309	0371	(談彼)	0372	(談彼)	最勝問菩薩十住除垢斷結經	姚秦 竺佛念譯	10
體06	0286	0101	(體)	0101	(體)	十住經	姚秦 鳩摩羅什譯	4
仁05	1521	1173	(規仁)	1174	(規仁)	十住毘婆沙論	聖者龍樹造　後秦 鳩摩羅什譯	17
當06	0794b	0744	(當)	0745	(當)	佛說時非時經	西晉 若羅嚴譯	1
起03	1915-t1	1571	(寔)	1549	(寔)	始終心要	唐 釋湛然述	1
言07	1687	1074	(言)	1075	(言)	事師法五十頌	馬鳴菩薩集　宋 日稱等譯	1
潔07	0527	0224	(潔)	0225	(潔)	佛說逝童子經	西晉 支法度譯	1
緣04	0048	0560	(緣)	0561	(緣)	是法非法經	後漢 安世高譯	1
煩10	1916	1563	(煩)	1504	(銘)	釋禪波羅蜜次第法門	隋 智顗說	10
壁05	2088	1462	(壁)			釋迦方志	唐 道宣撰	2
書10	2040	1460	(璧)	1464	(璧)	釋迦譜	梁 僧祐撰	5
	1947	1512	(輔)	1583	(馳)	釋迦如來涅槃禮讚文	宋 仁岳撰	1
壁02	2041	1461	(壁)			釋迦氏譜	唐 道宣撰	1
法06	1922	1556	(法)	1479	(轂)	釋摩訶般若波羅蜜經覺意三昧	隋 智顗說	1
	0054	0575	(緣)	0576	(緣)	釋摩男本四子經	吳 支謙譯	1
匪09	1657	1218	(匪)	1219	(匪)	手杖論	釋迦稱造　唐 義淨譯	1
	0999	0778	(力)	0779	(力)	佛說守護大千國土經	宋 施護譯	3
蘭10	0997	0972	(蘭)	0973	(蘭)	守護國界主陀羅尼經	唐 般若．牟尼室利 譯	10
靡03	0642	0394	(靡)	0395	(靡)	佛說首楞嚴三昧經	姚秦 鳩摩羅什譯	2
維09	0436	0523	(維)	0524	(維)	受持七佛名號所生功德經	唐 玄奘譯	1
隸09	0915	1446	(隸)	1447	(隸)	受菩提心戒儀	唐 不空譯	1
緣05	0050	0565	(緣)	0566	(緣)	受歲經	西晉 竺法護譯	1
篤03	1486	1087	(篤)	1088	(篤)	受十善戒經	失譯	1
桓10	1902	1499	(桓)	1542	(俊)	受用三水要行法	唐 義淨撰	1
善03	0070	0591	(善)	0592	(善)	數經	西晉 法炬譯	1
羊10	0540b	0448	(羊)	0449	(羊)	佛說樹提伽經	劉宋 求那跋陀羅譯	1
	0106	0649	(慶)	0650	(慶)	佛說水沫所漂經	東晉 竺曇無蘭譯	1
潔03	0565	0209	(潔)	0210	(潔)	順權方便經	西晉 竺法護譯	2
情02	1565	1239	(情)	1240	(情)	順中論	龍樹菩薩造　無著菩薩釋　元魏 瞿曇般若流支譯	2
蓋06	0476	0145	(蓋)	0145	(蓋)	說無垢稱經	唐 玄奘譯	6
桓10	1903	1498	(桓)	1541	(俊)	說罪要行法	唐 義淨撰	1
裳10	0344	0046	(裳)	0046	(裳)	佛說太子和休經	失譯	1
潔05	0167	0215	(潔)	0216	(潔)	太子慕魄經	後漢 安世高譯	1
	0168	0214	(潔)	0215	(潔)	太子墓魄經	西晉 竺法護譯	1
尺04 	0185	0660	(尺)	0661	(尺)	太子瑞應本起經	吳 支謙譯	2
裳10	0343	0045	(裳)	0045	(裳)	佛說太子刷護經	西晉 竺法護譯	1
才04	0171	0249	(才)	0250	(才)	太子須大拏經	西秦 聖堅譯	1
受02	1432	1156	(受)	1157	(受)	曇無德律部雜羯磨	曹魏 康僧鎧譯	1
	1391	0482	(行)	0483	(行)	佛說檀特羅麻油述經	東晉 曇無蘭譯	1
軻10	2115	1637	(孟軻)			鐔津文集	宋 契嵩撰	19
逸06	1639	1251	(逸)	1252	(逸)	提婆菩薩破楞伽經中外道小乘四宗論	提波菩薩造　後魏 菩提流支譯	1
逸06	1640	1252	(逸)	1253	(逸)	提婆菩薩釋楞伽經中外道小乘涅槃論	提波菩薩造　後魏 菩提流支譯	1
漆07	2048	1454	(漆)	1455	(漆)	提婆菩薩傳	姚秦 鳩摩羅什譯	1
乂10		1525	(丁俊叉)			天目中峰和尚廣錄	元 明本著、慈寂上進	30
當07	0592	0747	(當)	0748	(當)	天請問經	唐 玄奘譯	1
韓10	1930	1560	(韓)	1523	(曲)	天台八教大意	隋 灌頂撰	1
起10	1938	1578	(起)	1605	(野)	天台傳佛心印記	元 懷則述	1
會10	1931	1543	(會)	1488	(世)	天台四教儀	高麗 諦觀錄	1
		1627	(稼)	1489	(世)	天台四教儀集註	南天竺 蒙潤集	9
	2050	1569	(起)	1498	(勒)	隋天台智者大師別傳	隋 灌頂撰	1
	1948	1514	(輔)	1572	(馳)	天台智者大師齋忌禮讚文	宋 遵式述	1
景10	0596	0467	(景)	0468	(景)	佛說天王太子辟羅經	失譯	1
	0042	0556	(緣)	0557	(緣)	鐵城泥犁經	東晉 竺曇無蘭譯	1
慕04	0673	0190	(慕)	0191	(慕)	大乘同性經	宇文周 闍那耶舍譯	2
	0624	0157	(五)	0157	(五)	佛說伅真陀羅所問如來三昧經	後漢 支婁迦讖譯	3
	1352	0360	(罔)	0361	(罔)	佛說陀[阿-可+(嶙-山)]尼[金*本]經	東晉 曇無蘭譯	1
罔03	0901	0358	(忘罔)	0359	(忘罔)	陀羅尼集經	唐 阿地瞿多譯	12
卿10	1336	1467	(卿)	1474	(驅)	陀羅尼雜集	失譯	10
則05	0846	0812	(則)	0813	(則)	外道問聖大乘法無我義經	宋 法天譯	1
史06	2017	1647	(史)	1590	(郡)	萬善同歸集	宋 延壽述	3
退08	1615	1192	(退)	1193	(退)	王法正理論	彌勒菩薩造　唐 玄奘譯	1
輔03	1984	1505	(輔)	1574	(馳)	往生淨土懺願儀	宋 遵式撰	1
輔03	1968	1506	(馳)	1575	(馳)	往生淨土決疑行願二門	宋 遵式撰	1
方06	0474	0143	(方)	0143	(方)	佛說維摩詰經	吳 支謙譯	2
方03	0475	0142	(方)	0142	(方)	維摩詰所說經	姚秦 鳩摩羅什譯	3
	1775	1624	(務)	1461	(書)	注維摩詰經	後秦 僧肇撰	10
靜02	1590	1233	(靜)	1234	(靜)	唯識二十論	世親菩薩造　唐 玄奘譯	1
靜02	1589	1232	(靜)	1233	(靜)	大乘唯識論	天親菩薩造　陳 真諦譯	1
	1586	1207	(沛)	1208	(沛)	唯識三十論頌	世親菩薩造　唐 玄奘譯	1
明10	0760	1320	(明)	1321	(明)	惟日雜難經	吳 支謙譯	1
良03	0688	0255	(良)	0256	(良)	佛說未曾有經	失譯	1
斯04	0844	0986	(斯)	0987	(斯)	佛說大方廣未曾有經善巧方便品	宋 施護譯	1
靡05	0754	0395	(靡)	0396	(靡)	佛說未曾有因緣經	蕭齊 曇景譯	2
深08	0628	0919	(深)	0920	(深)	佛說未曾有正法經	宋 法天譯	6
長05	0448b	0402	(長)	0403	(長)	未來星宿劫千佛名經	失譯	1
	0507	0693	(敬)	0694	(敬)	佛說未生冤經	吳 支謙譯	1
短01	0701	0382	(短)	0383	(短)	佛說溫室洗浴眾僧經	後漢 安世高譯	1
定10	0459	1085	(定)	1086	(定)	佛說文殊悔過經	西晉 竺法護譯	1
	1299	1348	(亦)	1349	(亦)	文殊師利菩薩及諸仙所說吉凶時日善惡宿曜經	唐 不空譯	2
	1188	1362	(群)	1363	(群)	文殊所說最勝名義經	宋 金總持等譯	2
	0471	0282	(良)	0283	(良)	佛說文殊師利行經	隋 豆那掘多譯	1
維01	0463	0503	(維)	0504	(維)	佛說文殊師利般涅槃經	西晉 聶道真譯	1
既10	0296	1328	(既)	1329	(既)	文殊師利發願經	東晉 佛陀跋陀羅譯	1
羊05	1185B	0443	(羊)	0444	(羊)	文殊師利寶藏陀羅尼經	唐 菩提流志譯	1
服07	0318	0028	(服)	0028	(服)	文殊師利佛土嚴淨經	西晉 竺法護譯	2
	1181	0328	(能)	0329	(能)	大方廣菩薩藏經中文殊師利根本一字陀羅尼經	唐 寶思惟譯	1
言10	0460	1078	(言)	1079	(言)	佛說文殊師利淨律經	西晉 竺法護譯	1
	1276	1048	(止)	1049	(止)	文殊師利菩薩根本大教王經金翅鳥王品	唐 不空譯	1
弗05	1531	1183	(弗)	1184	(弗)	文殊師利菩薩問菩提經論	天親菩薩造　元魏 菩提流支譯	2
	1195	1447	(隸)	1448	(隸)	大聖文殊師利菩薩讚佛法身禮	唐 不空譯	1
翔10	0233	0019	(翔)	0019	(翔)	文殊師利所說般若波羅蜜經	梁 僧伽婆羅譯	1
裳03	0340	0042	(裳)	0042	(裳)	文殊師利所說不思議佛境界經	唐 菩提流志譯	2
翔09	0232	0018	(翔)	0018	(翔)	文殊師利所說摩訶般若波羅蜜經	梁 曼陀羅仙譯	2
染06	0468	0437	(染)	0438	(染)	文殊師利問經	梁 僧伽婆羅譯	2
率10	0458	0108	(率)	0108	(率)	文殊師利問菩薩署經	後漢 支婁迦讖譯	1
男02	0464	0233	(男)	0234	(男)	文殊師利問菩提經	姚秦 鳩摩羅什譯	1
恭08	0461	0164	(恭)	0164	(恭)	佛說文殊師利現寶藏經	西晉 竺法護譯	2
良10	0470	0281	(良)	0282	(良)	佛說文殊師利巡行經	元魏 菩提流支譯	1
	1197	1067	(言)	1068	(言)	佛說文殊師利一百八名梵讚	宋 法天譯	1
	0469	0969	(清)	0970	(清)	文殊問經字母品第十四	唐 不空譯	1
		1067-t1	(言)			文殊贊	明太宗朱棣撰	1
善04	0040	0599	(善)	0600	(善)	文陀竭王經	北涼 曇無讖譯	1
孝09	0801	0722	(孝)	0723	(孝)	佛說無常經	唐 義淨譯	1
淵07	0887	1024	(淵)	1025	(淵)	佛說無二平等最上瑜伽大教王經	宋 施護譯	6
彼05	1024	0375	(彼)	0376	(彼)	無垢淨光大陀羅尼經	唐 彌陀山譯	1
潔10	0562	0230	(潔)	0231	(潔)	佛說無垢賢女經	西晉 竺法護譯	1
當09	0578	0764	(當)	0765	(當)	無垢優婆夷問經	後魏 瞿曇般若流支譯	1
才08	0636	0252	(才)	0253	(才)	無極寶三昧經	西晉 竺法護譯	2
罪10	0397-p12	0073	(罪)	0073	(罪)	無盡意菩薩經	劉宋 智嚴,寶雲譯	4
	0934	0886	(臨)	0887	(臨)	佛說無量功德陀羅尼經	宋 法賢譯	1
	1014	0349	(莫)	0350	(莫)	無量門破魔陀羅尼經	劉宋 功德直．玄暢譯	1
莫07	1011	0350	(莫)	0351	(莫)	佛說無量門微密持經	吳 支謙譯	1
乃06	0361	0022	(乃)	0022	(乃)	佛說無量清淨平等覺經	後漢 支婁迦讖譯	4
深03	1389	0907	(深)	0908	(深)	佛說無量壽大智陀羅尼	宋 法賢譯	1
乃10	0360	0024	(乃)	0024	(乃)	佛說無量壽經	曹魏 康僧鎧譯	2
顛08	1524	1196	(顛)	1197	(顛)	無量壽經優波提舍	婆藪槃豆菩薩造　元魏 菩提流支譯	1
	0930	1404	(槁)	1405	(槁)	無量壽如來觀行供養儀軌	唐 不空譯	1
	0363	0857	(命)	0858	(命)	佛說大乘無量壽莊嚴經	宋 法賢譯	3
草01	0276	0129	(草)	0129	(草)	無量義經	蕭齊 曇摩伽陀耶舍譯	1
	0720	1361	(群)	1362	(群)	無明羅剎集	失譯	3
英03	1234	1369	(英)	1370	(英)	無能勝大明陀羅尼經	宋 法天譯	1
英03	1235	1370	(英)	1371	(英)	無能勝大明心陀羅尼經	宋 法天譯	1
忠03	0943	0789	(忠)	0790	(忠)	佛說無能勝幡王如來莊嚴陀羅尼經	宋 施護譯	1
	0813	0189	(慕)	0190	(慕)	佛說無希望經	西晉 竺法護譯	1
絲10	0485	0434	(絲)	0435	(絲)	無所有菩薩經	隋 闍那崛多等譯	4
當07	0800	0750	(當)	0751	(當)	佛說無上處經	失譯	1
良02	0669	0254	(良)	0255	(良)	佛說無上依經	梁 真諦譯	2
	0331	0941	(藏)	0942	(夙)	佛說無畏授所問大乘經	宋 施護等譯	3
之01	1388	1002	(之)	1003	(之)	佛說無畏陀羅尼經	宋 法賢譯	1
投09	1619	1165	(投)	1166	(投)	無相思塵論	陳那菩薩造　陳 真諦譯	1
罔09	1342	0369	(罔)	0370	(罔)	佛說無崖際總持法門經	西秦 聖堅譯	1
發06	0401	0077	(發)	0077	(發)	佛說無言童子經	西晉 竺法護譯	2
潔06	0828	0216	(潔)	0217	(潔)	無字寶篋經	元魏 菩提流支譯	1
	2153	1602	(宗泰)			大周刊定眾經目錄	唐 明佺等撰	15
	0199	0724	(孝)	0725	(孝)	佛五百弟子自說本起經	西晉 竺法護譯	1
之01	0706	1001	(之)	1002	(之)	佛說五大施經	宋 施護等譯	1
外06	1423	1151	(外)	1152	(外)	五分比丘尼戒本	梁 明徽集	1
外05	1422b	1150	(外)	1151	(外)	五分戒本	劉宋 佛陀什等譯	1
當09	1481	0760	(當)	0761	(當)	佛說五恐怖世經	宋 沮渠京聲譯	1
當01	0741	0725	(當)	0726	(當)	五苦章句經	東晉 竺曇無蘭譯	1
英09	0619	1374	(英)	1375	(英)	五門禪經要用法	佛陀蜜多撰　劉宋 曇摩蜜多譯	1
慶01	0555b	0633	(慶)	0634	(慶)	五母子經	吳 支謙譯	1
長10	0443	0403	(長)	0404	(長)	五千五百佛名神咒除障滅罪經	隋 闍那崛多譯	8
臨07	0248	0873	(臨)	0874	(臨)	五十頌聖般若波羅蜜經	宋 施護譯	1
	1555	1275	(席)	1276	(席)	五事毘婆沙論	尊者法救造　唐 玄奘譯	2
當05	0751b	0737-s1	(當)	0738a	(當)	佛說五無返復經	劉宋 沮渠京聲譯	1
當05	0752	0737-s2	(當)	0738b	(當)	佛說五無返復經	劉宋 沮渠京聲譯	1
當10	0523	0769	(當)	0770	(當)	佛說五王經	失譯	1
慶10	0105	0648	(慶)	0649	(慶)	五陰譬喻經	後漢 安世高譯	1
善10	0102	0629	(善)	0630	(善)	佛說五蘊皆空經	唐 義淨譯	1
投10	1612	1169	(投)	1170	(投)	大乘五蘊論	世親菩薩造　唐 玄奘譯	1
杜10	1174	1397	(杜)	1398	(杜)	五字陀羅尼頌	唐 不空譯	1
	0690	0263	(良)	0264	(良)	佛說希有挍量功德經	隋 闍那崛多譯	1
深04	1405	0914	(深)	0915	(深)	佛說息除賊難陀羅尼經	宋 法賢譯	1
忠04	1347	0796	(忠)	0797	(忠)	息除中夭陀羅尼經	宋 施護譯	1
夙04	0085	0939	(夙)	0940	(夙)	息諍因緣經	宋 施護譯	1
茲10	2118	1626	(茲)	1559	(軍)	折疑論	師子比丘述註	5
恃10	0425	0398	(恃)	0399	(恃)	賢劫經	西晉 竺法護譯	8
英03	1686	1367	(英)	1368	(英)	賢聖集伽陀一百頌	宋 天息災譯	1
維02	0570	0505	(維)	0506	(維)	佛說賢首經	西秦 聖堅譯	1
	0202	1314	(左達)	1315	(左達)	賢愚經	元魏 慧覺等譯	13
當07	0777	0746	(當)	0747	(當)	佛說賢者五福德經	西晉 白法祖譯	1
緣03	0029	0553	(緣)	0554	(緣)	鹹水喻經	失譯	1
封09	1955	1469	(封)	1534	(說)	顯密圓通成佛心要集	元 道[厄*殳]集	2
推04	0347	0049	(推)	0049	(推)	大乘顯識經	唐 地婆訶羅譯	2
沛06	1618	1209	(沛)	1210	(沛)	顯識論	陳 真諦譯	1
壹01	0289	0091	(壹)	0091	(壹)	顯無邊佛土功德經	唐 玄奘譯	1
切10	1602	1170	(分切)	1171	(分切)	顯揚聖教論	無著菩薩造　唐 玄奘譯	20
退10	1603	1194	(退)	1195	(退)	顯揚聖教論頌	無著菩薩造　唐 玄奘譯	1
長04	0447b	0401	(長)	0402	(長)	現在賢劫千佛名經	開元拾遺附梁錄	1
行07	1157	0500	(行)	0501	(行)	香王菩薩陀羅尼咒經	唐 義淨譯	1
髮01	0678	0150	(發)	0150	(發)	相續解脫地波羅蜜了義經	劉宋 求那跋陀羅譯	1
髮01	0679	0151	(發)	0151	(發)	相續解脫如來所作隨順處了義經	劉宋 求那跋陀羅譯	1
	0111	0658	(慶)	0659	(慶)	佛說相應相可經	西晉 法炬譯	1
男03	0466	0235	(男)	0236	(男)	佛說象頭精舍經	隋 毘尼多流支譯	1
慕01	0814	0188	(慕)	0189	(慕)	佛說象腋經	劉宋 曇摩蜜多譯	1
忠03	1402	0792	(忠)	0793	(忠)	消除一切閃電障難隨求如意陀羅尼經	宋 施護譯	1
臨08	1400	0879	(臨)	0880	(臨)	佛說消除一切災障寶髻陀羅尼經	宋 法賢譯	1
既10	0608	1330	(既)	1331	(既)	小道地經	後漢 支曜譯	1
鱗10	0227	0006	(鱗)	0006	(鱗)	小品般若波羅蜜經	後秦 鳩摩羅什譯	10
敬09	0687	0697	(敬)	0698	(敬)	佛說孝子經	失譯	1
緣09	0093	0579	(緣)	0580	(緣)	邪見經	失譯	1
當09	0827	0762	(當)	0763	(當)	佛說懈怠耕者經	劉宋 惠簡譯	1
當08	0062	0757	(當)	0758	(當)	新歲經	東晉 竺曇無蘭譯	1
維03	0569	0509	(維)	0510	(維)	佛說心明經	西晉 竺法護譯	1
深04	0018	0916	(深)	0917	(深)	信佛功德經	宋 法賢譯	1
臨10	0802	0897	(臨)	0898	(臨)	佛說信解智力經	宋 法賢譯	1
邇05	0305	0086	(邇)	0086	(邇)	信力入印法門經	元魏 曇摩流支譯	5
當03	0197	0728	(當)	0729	(當)	佛說興起行經	後漢 康孟詳譯	2
起03	1937-in	1572	(起)	1581	(馳)	修懺要旨	宋 釋知禮述	1
良10	0575	0280	(良)	0281	(良)	佛說大方等修多羅王經	後魏 菩提流支譯	1
跡07	1876	1585	(迹)	1520	(宅)	修華嚴奧旨妄盡還源觀	唐 法藏述	1
途02	1915	1532	(途)	1484	(振)	修習止觀坐禪法要	隋 智顗述	1
	2020	1640	(敦)	1626	(藝)	高麗國普照禪師修心訣	高麗 知訥撰	1
尺02 	0184	0659	(尺)	0660	(尺)	修行本起經	後漢 竺大力共康孟詳譯	2
明08	0606	1317	(明)	1318	(明)	修行道地經	西晉 竺法護譯	7
英06	0847	1372	(英)	1373	(英)	大乘修行菩薩行門諸經要集	唐 智嚴譯	3
弔02	0408	0063	(弔)	0063	(弔)	虛空孕菩薩經	隋 闍那崛多譯	2
弔03	0405	0064	(弔)	0064	(弔)	虛空藏菩薩經	姚秦 佛陀耶舍譯	1
行06	1145	0496	(行)	0497	(行)	虛空藏菩薩能滿諸願最勝心陀羅尼求聞持法	唐 善無畏譯	1
弔04	0407	0065	(弔)	0065	(弔)	虛空藏菩薩神咒經	宋 曇摩蜜多譯	1
深03	1148	0910	(深)	0911	(深)	佛說虛空藏菩薩陀羅尼	宋 法賢譯	1
罔05	1333	0363	(罔)	0364	(罔)	虛空藏菩薩問七佛陀羅尼咒經	失譯	1
善05	0073	0601	(善)	0602	(善)	須達經	蕭齊 求那毘地譯	1
衣10	0328	0040a	(衣)	0040a	(衣)	佛說須賴經	曹魏 白延譯	1
衣10	0329	0040b	(衣)	0040b	(衣)	佛說須賴經	前涼 支施崙譯	1
	0397-p16	0062	(唐)	0062	(唐)	大乘大集經	高齊 那連提耶舍,法智譯	2
衣06	0334	0036	(衣)	0036	(衣)	佛說須摩提菩薩經	西晉 竺法護譯	1
善07	0128b	0610	(善)	0611	(善)	須摩提女經	吳 支謙譯	1
衣06	0335	0037	(衣)	0037	(衣)	佛說須摩提菩薩經	姚秦 鳩摩羅什譯	1
敬07	0530	0688	(敬)	0689	(敬)	佛說須摩提長者經	吳 支謙譯	1
短04	0588	0388	(短)	0389	(短)	佛說須真天子經	西晉 竺法護譯	4
	2077	1650	(合-扶)			續傳燈錄	明 玄極輯	36
	2150	1475	(富)	1528-t1	(微)	續大唐內典錄	唐 道宣撰	1
壁10	2105	1464	(壁)	1526	(曲)	續集古今佛道論衡	唐 智昇撰	1
	1440-j9	1130	(夫)	1131	(夫)	續薩婆多毘尼毘婆娑	失譯人名今附三秦錄	1
深04	1140	0912	(深)	0913	(深)	佛說延壽妙門陀羅尼經	宋 法賢譯	1
緣03	0043	0555	(緣)	0556	(緣)	閻羅王五天使者經	劉宋 慧簡譯	1
信05	0820	0410	(信)	0411	(信)	佛說演道俗業經	乞伏秦 聖堅譯	1
悲09	0120	0429	(悲)	0430	(悲)	央掘魔羅經	劉宋 求那跋陀羅譯	4
善09	0119	0617	(善)	0618	(善)	佛說鴦崛髻經	西晉 法炬譯	1
	0118	0616	(善)	0617	(善)	佛說鴦掘摩經	西晉 竺法護譯	1
推05	0348	0050	(推)	0050	(推)	佛說大乘方等要慧經	後漢 安世高譯	1
惟04	0451	0168	(推)	0168	(推)	藥師琉璃光七佛本願功德經	唐 義淨譯	2
惟02	0450	0167	(推)	0167	(推)	藥師琉璃光如來本願功德經	唐 玄奘譯	1
惟01	0449	0166	(惟)	0166	(惟)	佛說藥師如來本願經	隋 達摩笈多譯	1
當10	0542	0765	(當)	0766	(當)	佛說耶祇經	劉宋 沮渠京聲譯	1
匪06	1608	1214	(匪)	1215	(匪)	業成就論	天親菩薩造　元魏 毘目智仙譯	1
凊10	1100	0967	(清)	0968	(清)	葉衣觀自在菩薩經	唐 不空譯	1
	1680	1448	(隸)	1449	(隸)	一百五十讚佛頌	摩咥里制吒造　唐 義淨譯	1
斯08	1110	0994	(斯)	0995	(斯)	佛說一髻尊陀羅尼經	唐 不空譯	1
貞10	0823	0207	(貞)	0208	(貞)	佛說一切法高王經	元魏 瞿曇般若流支譯	1
	1374	0493	(行)	0494	(行)	佛說一切功德莊嚴王經	唐 義淨譯	1
	1051	1045	(止)	1046	(止)	佛說一切佛攝相應大教王經聖觀自在菩薩念誦儀軌	宋 法賢譯	1
緣03	0031	0554	(緣)	0555	(緣)	一切流攝守因經	後漢 安世高譯	1
	0888	1377	(杜)	1378	(杜)	一切祕密最上名義大教王儀軌	宋 施護譯	2
止09	1418	1047	(止)	1048	(止)	佛說一切如來安像三昧儀軌經	宋 施護譯	1
	0889	1012	(川)	1013	(川)	一切如來大祕密王未曾有最上微妙大曼拏羅經	宋 天息災譯	5
	0960	1063	(言)	1064	(言)	一切如來說佛頂輪王一百八名讚	宋 施護譯	1
	0885	1021	(息)	1022	(息)	佛說一切如來金剛三業最上祕密大教王經	宋 施護譯	7
興09	1135	0954	(興)	0955	(興)	佛說一切如來金剛壽命陀羅尼經	唐 不空譯	1
深04	1350	0913	(深)	0914	(深)	佛說一切如來名號陀羅尼經	宋 法賢譯	1
臨04	0978	0865	(臨)	0866	(臨)	佛說一切如來烏瑟膩沙最勝總持經	宋 法天譯	1
	1022A	0951	(興)	0952	(興)	一切如來心祕密全身舍利寶篋印陀羅尼經	唐 不空譯	1
川07	0882	1011	(盛川)	1012	(盛川)	佛說一切如來真實攝大乘現證三昧大教王經	宋 施護等譯	30
	1023	0797	(忠)	0798	(忠)	一切如來正法祕密篋印心陀羅尼經	宋 施護譯	1
信06	0183	0415	(信)	0416	(信)	一切智光明仙人慈心因緣不食肉經	失譯	1
莫09	1017	0354	(莫)	0355	(莫)	佛說一向出生菩薩經	隋 闍那崛多譯	1
尅06	0951	0527	(克)	0528	(克)	一字佛頂輪王經	唐 菩提流志譯	5
	0954A	1426	(鍾)	1427	(鍾)	一字頂輪王念誦儀軌	唐 不空譯	1
	0948	1393	(杜)	1394	(杜)	金輪王佛頂要略念誦法	唐 不空譯	1
不03	0953	1017	(不)	1018	(不)	一字奇特佛頂經	唐 不空譯	3
沛05	1573	1204	(沛)	1205	(沛)	壹輸盧迦論	龍樹菩薩造　後魏 瞿曇般若留支譯	1
夙06	0219	0943	(夙)	0944	(夙)	醫喻經	宋 施護譯	1
顛10	1529	1201	(顛)	1202	(顛)	遺教經論	天親菩薩造　陳 真諦譯	1
斯03	0095	0980	(斯)	0981	(斯)	蟻喻經	宋 施護譯	1
善06	0082	0607	(善)	0608	(善)	意經	西晉 竺法護譯	1
璧08 	0198	0669	(璧)	0670	(璧)	佛說義足經	吳 支謙譯	2
席10	2031	1278	(席)	1279	(席)	異部宗輪論	世友菩薩造　唐 玄奘譯	1
沛06	1630	1208	(沛)	1209	(沛)	因明入正理論	商羯羅主菩薩造　唐 玄奘譯	1
匪07	1629	1215	(匪)	1216	(匪)	因明正理門論	大域龍菩薩造　唐 義淨譯	1
匪08	1628	1216	(匪)	1217	(匪)	因明正理門論本	大域龍菩薩造　唐 玄奘譯	1
竭05	0749	0775	(竭)	0776	(竭)	佛說因緣僧護經	失譯	1
	0603	0774	(竭)	0775	(竭)	陰持入經	後漢 安世高譯	2
良06	0179	0266	(良)	0267	(良)	銀色女經	元魏 佛陀扇多譯	1
善06	0083	0608	(善)	0609	(善)	應法經	西晉 竺法護譯	1
善06	0079	0605	(善)	0606	(善)	鸚鵡經	劉宋 求那跋陀羅譯	1
素08	2018	1644	(素)			永明智覺禪師唯心訣	宋 延壽撰	1
	1466	1103	(初)	1104	(初)	優波離問佛經	宋 求那跋摩譯	1
定07	1488	1082	(定)	1083	(定)	優婆塞戒經	北涼 曇無讖譯	7
初10	1476	1108	(初)	1109	(初)	佛說優婆塞五戒相經	宋 求那跋摩譯	1
	0088	0571	(緣)	0572	(緣)	優陂夷墮舍迦經	失譯	1
行09	0579	0501	(行)	0502	(行)	優婆夷淨行法門經	失譯	2
衣06	0332	0035	(衣)	0035	(衣)	佛說優填王經	西晉 法炬譯	1
莫01	0568	0338	(莫)	0339	(莫)	有德女所問大乘經	唐 菩提流志譯	1
景05	0700	0453	(景)	0454	(景)	右繞佛塔功德經	唐 實叉難陀譯	1
流10	0890	1016	(流)	1017	(流)	佛說瑜伽大教王經	宋 法賢譯	5
	1318	0979	(斯)	0980	(斯)	瑜伽集要救阿難陀羅尼焰口軌儀經	唐 不空譯	1
漆10	1320	1459	(漆)	1460	(漆)	瑜伽集要焰口施食儀	唐 不空譯	1
止09	0880	1046	(止)	1047	(止)	瑜伽金剛頂經釋字母品	唐 不空譯	1
	1177A	1038	(容)	1039	(容)	大乘瑜伽金剛性海曼殊室利千臂千[金*本]大教王經	唐 不空譯	10
鍾04	1032	1421	(鍾)	1422	(鍾)	瑜伽蓮華部念誦法	唐 不空譯	1
氣10	1579	1163	(猶-氣)	1164	(猶-氣)	瑜伽師地論	彌勒菩薩說　唐 玄奘譯	100
退09	1580	1193	(退)	1194	(退)	瑜伽師地論釋	最勝子等造　唐 玄奘譯	1
	0955	1323	(既)	1324	(既)	一字頂輪王瑜伽觀行儀軌	唐 不空譯	1
知03	0685	0298	(知)	0299	(知)	佛說盂蘭盆經	西晉 竺法護譯	1
百06	1792	1593	(百)	1564	(沙)	佛說盂蘭盆經疏	唐 宗密述	2
興10	1163	0956	(興)	0957	(興)	佛說雨寶陀羅尼經	唐 不空譯	1
慶02	0143	0635	(慶)	0636	(慶)	玉耶經	東晉 竺曇無蘭譯	1
慶02	0142b	0636	(慶)	0637	(慶)	玉耶女經	失譯	1
	0323	0031	(衣)	0031	(衣)	郁迦羅越問菩薩行經	西晉 竺法護譯	1
	0698	0289	(知)	0290	(知)	浴佛功德經	唐 義淨譯	1
知02	0697	0288	(知)	0289	(知)	佛說浴像功德經	唐 寶思惟譯	1
斯04	0028	0984	(斯)	0985	(斯)	園生樹經	宋 施護譯	1
		1621	(治本於)	1562	(最精宣)	圓覺經略疏鈔	唐 宗密(於大疏略出)	12
難07	0842	0422	(難)	0423	(難)	大方廣圓覺修多羅了義經	唐 佛陀多羅譯	1
惠10	1997	1523	(漢惠)	1597	(門紫)	圓悟佛果禪師語錄	宋 紹隆等編	20
善04	0037	0597	(善)	0598	(善)	緣本致經	失譯	1
善10	0124	0623	(善)	0624	(善)	緣起經	唐 玄奘譯	1
良08	0714	0274	(良)	0275	(良)	緣起聖道經	唐 玄奘譯	1
	0716	0137	(賴)	0137	(賴)	緣生初勝分法本經	隋 達摩笈多譯	2
匪09	1652	1219	(匪)	1220	(匪)	緣生論	[爵-(采-木)+(樊-大)]楞迦造　隋 達磨笈多譯	1
右10	1653	1306	(右)	1307	(右)	大乘緣生論	[爵-(采-木)+(樊-大)]楞迦造　唐 不空譯	1
敬10	0537	0706	(敬)	0707	(敬)	佛說越難經	西晉 聶承遠譯	1
慕01	0639	0186	(女)	0187	(女)	月燈三昧經	高齊 那連提耶舍譯	10
慕01	0640	0187	(慕)	0188	(慕)	佛說月燈三昧經	劉宋 先公譯	1
盡10	0166	0846	(盡)	0847	(盡)	月光菩薩經	宋 法賢譯	1
潔07	0534	0225	(潔)	0226	(潔)	佛說月光童子經	西晉 竺法護譯	1
維03	0169	0508	(維)	0509	(維)	月明菩薩經	吳 支謙譯	1
染04	0480	0436	(染)	0437	(染)	佛說月上女經	隋 闍那崛多譯	2
夙06	0121	0942	(夙)	0943	(夙)	佛說月喻經	宋 施護譯	1
虞10	0397-p15	0059	(虞)	0059	(虞)	大方等大集月藏經	高齊 那連提耶舍譯	10
因09	0099	0539	(穀-堂)	0540	(穀-堂)	雜阿含經	劉宋 求那跋陀羅譯	50
因09	0101	0542	(因)	0543	(因)	雜阿含經	失譯	1
瑟06	1552	1279	(鼓瑟)	1280	(鼓瑟)	雜阿毘曇心論	尊者法救造　宋 僧伽跋摩等譯	11
既08	0203	1321	(既)	1322	(既)	雜寶藏經	元魏 吉迦夜共曇曜譯	10
英01	0204	1364	(英)	1365	(英)	雜譬喻經	後漢 支婁迦讖譯	1
英01	0205	1360	(群)	1361	(群)	雜譬喻經	失譯	2
璧09 	0745	0671	(璧)	0672	(璧)	佛說雜藏經	東晉 法顯譯	1
	1675	1064	(言)	1065	(言)	讚法界頌	龍樹菩薩造　宋 施護譯	1
	1052	1071	(言)	1072	(言)	讚觀世音菩薩頌	唐 慧智譯	1
	1106	0809	(則)	0810	(則)	讚揚聖德多羅菩薩一百八名經	宋 天息災譯	1
知02	0693	0285	(知)	0286	(知)	佛說造立形像福報經	闕譯	1
維09	0699	0518	(維)	0519	(維)	佛說造塔功德經	唐 地婆訶羅譯	1
	0694	0283	(知)	0284	(知)	佛說大乘造像功德經	唐 提雲般若譯	2
臨07	1372	0869	(臨)	0870	(臨)	增慧陀羅尼經	宋 施護譯	1
空10	0125	0538	(形-空)	0539	(形-空)	增壹阿含經	東晉 瞿曇僧伽提婆譯	51
陟10	2023	1636	(我)	1625	(我)	緇門警訓	明 如巹續集	10
當06	0742	0745	(當)	0746	(當)	佛說自愛經	東晉 竺曇無蘭譯	1
良09	0622	0277	(良)	0278	(良)	佛說自誓三昧經	後漢 安世高譯	1
發08	0420	0078	(發)	0078	(發)	自在王菩薩經	姚秦 鳩摩羅什譯	2
溪10	2016	1481	(策-溪)	1595	(秦-亭)	宗鏡錄	宋 延壽集	100
綺02		1518	(扶傾綺)			宗門統要正續集	宋 宗永集　元 清茂編集	20
力08	0299	0779	(力)	0780	(力)	大方廣總持寶光明經	宋 法天譯	5
才03	0275	0248	(才)	0249	(才)	大乘方廣總持經	隋 毘尼多流支譯	1
	0724	0701	(敬)	0702	(敬)	佛說罪業應報教化地獄經	後漢 安世高譯	1
	1128	0863	(臨)	0864	(臨)	最上大乘金剛大教寶王經	宋 法天譯	2
澄09	0244	1031	(澄)	1032	(澄)	佛說最上根本大樂金剛不空三昧大教王經	宋 法賢譯	7
	1288	1032	(澄)	1033	(澄)	佛說最上祕密那拏天經	宋 法賢譯	3
則10	1408	0825	(則)	0826	(則)	佛說最上意陀羅尼經	宋 施護譯	1
忠03	0974A	0790	(忠)	0791	(忠)	最勝佛頂陀羅尼經	宋 法天譯	1
	0970	0346	(莫)	0347	(莫)	最勝佛頂陀羅尼淨除業障咒經	唐 地婆訶羅譯	1
	1187	1400	(槁)	1401	(槁)	佛說最勝妙吉祥根本智最上祕密一切名義三摩地分	宋 施護譯	2
良05	0691	0264	(良)	0265	(良)	最無比經	唐 玄奘譯	1
臨09	0845	0893	(臨)	0894	(臨)	佛說尊那經	宋 法賢譯	1
笙05	1549	1281	(吹笙)	1282	(吹笙)	尊婆須蜜菩薩所集論	尊婆須蜜造　符秦 僧伽跋澄等譯	10
善06	0077	0604	(善)	0605	(善)	尊上經	西晉 竺法護譯	1
	1413	0828	(則)	0829	(則)	佛說尊勝大明王經	宋 施護譯	1
	1343	0370	(罔)	0371	(罔)	尊勝菩薩所問一切諸法入無量門陀羅尼經	北齊 萬天懿譯	1
知02	0692	0284	(知)	0285	(知)	佛說作佛形像經	闕譯	1
	0614	1342	(墳)	1343	(墳)	坐禪三昧經	姚秦 鳩摩羅什譯	2
緣07	0087	0572	(緣)	0573	(緣)	齋經	吳 支謙譯	1
善04	0064	0595	(善)	0596	(善)	瞻婆比丘經	西晉 法炬譯	1
當10	0518	0768	(當)	0769	(當)	佛說旃陀越國王經	劉宋 沮渠京聲譯	1
當10	0805	0771	(當)	0772	(當)	佛說栴檀樹經	失譯	1
臨08	1387	0881	(臨)	0882	(臨)	佛說栴檀香身陀羅尼經	宋 法賢譯	1
	0839	0459	(景)	0460	(景)	占察善惡業報經	隋 菩提燈譯	2
通10	1645	1312	(通)	1313	(通)	彰所知論	發合思巴造　元 沙羅巴譯	2
性10	1578	1230	(性)	1231	(性)	大乘掌珍論	清辯菩薩造　唐 玄奘譯	2
逸04	1621	1248	(逸)	1249	(逸)	掌中論	陳那菩薩造　唐 義淨譯	1
信06	0572	0411	(信)	0412	(信)	佛說長者法志妻經	失譯	1
	0580	0414	(信)	0415	(信)	佛說長者女菴提遮師子吼了義經	失譯	1
盡08	0074	0842	(盡)	0843	(盡)	長者施報經	宋 法天譯	1
敬09	0531	0703	(敬)	0704	(敬)	佛說長者音悅經	吳 支謙譯	1
	0525	0689	(敬)	0690	(敬)	佛說長者子懊惱三處經	後漢 安世高譯	1
善08	0134	0615	(善)	0616	(善)	佛說長者子六過出家經	劉宋 慧簡譯	1
	0526	0222	(潔)	0223	(潔)	佛說長者子制經	後漢 安世高譯	1
杳10	1860	1619	(杳)	1607	(洞)	肇論新疏	元 文才述	3
冥10		1620	(冥)		(洞)	肇論新疏游刃	宋 文才述	3
微08	2112	1491	(微)	1540	(俊)	甄正論	唐 玄嶷撰	3
敦09	2019A	1641	(敦)	1627	(藝)	真心直說	高麗 知訥撰	1
木10	0263	0134	(木)	0134	(木)	正法華經	西晉 竺法護譯	10
資10	0721	0674	(非-資)	0675	(非-資)	正法念處經	元魏 瞿曇般若流支譯	70
良06	1496	0269	(良)	0270	(良)	佛說正恭敬經	元魏 佛陀扇多譯	1
慕06	0674	0191	(慕)	0192	(慕)	證契大乘經	唐 地婆訶羅譯	2
起03	1914	1570	(起)	1548	(寔)	止觀大意	唐 湛然述	1
途08	1924	1534	(途)	1476	(轂)	大乘止觀法門	陳 慧思說	4
	1912	1531	(魏-假)			止觀輔行傳弘決	唐 湛然述	10
匪09	1655	1217	(匪)	1218	(匪)	止觀門論頌	世親菩薩造　唐 義淨譯	1
途04	1913	1533	(途)			止觀義例	唐 湛然述	2
禪10		1604	(岳)	1616	(農)	至元法寶勘同總錄	元 慶吉祥等集	10
	0620	0642	(慶)	0643	(慶)	治禪病祕要法	劉宋 沮渠京聲譯	2
既09	0096	1327	(既)	1328	(既)	治意經	失譯	1
敬08	0214	0695	(敬)	0696	(敬)	猘狗經	吳 支謙譯	1
則10	1398	0829	(則)	0830	(則)	佛說智光滅一切業障陀羅尼經	宋 施護譯	1
行05	1397	0491	(行)	0492	(行)	智炬陀羅尼經	唐 提雲般若等譯	1
之08	0634	1008	(之)	1009	(之)	佛說大乘智印經	宋 智吉祥等譯	5
立10	0026	0537	(作-立)	0538	(作-立)	中阿含經	東晉 瞿曇僧伽提婆譯	60
緣02	0196	0551	(緣)	0552	(緣)	中本起經	後漢 曇果共康孟詳譯	2
情07	1599	1241	(情)	1242	(情)	中邊分別論	天親菩薩造　陳 真諦譯	2
通04	1567	1308	(通)	1309	(通)	大乘中觀釋論	安慧菩薩造　宋 惟淨等譯	9
箴10	1564	1172	(箴)	1173	(箴)	中論	龍樹菩薩造　梵志青目釋　姚秦 鳩摩羅什譯	4
	0743	0710	(孝)	0711	(孝)	佛說忠心經	東晉 竺曇無蘭譯	1
景07	0385	0458	(景)	0459	(景)	中陰經	姚秦 竺佛念譯	2
莫03	1337	0342	(莫)	0343	(莫)	種種雜咒經	北周 闍那崛多譯	1
	0208	1358	(群)	1359	(群)	眾經撰雜譬喻	道略集　姚秦 鳩摩羅什譯	2
階02	1541	1284	(升階)	1285	(升階)	眾事分阿毘曇論	尊者世友造　宋 求那跋陀羅共菩提耶舍譯	12
命08	0191	0853	(命)	0854	(命)	眾許摩訶帝經	宋 法賢譯	13
	1327	0477	(行)	0478	(行)	佛說咒齒經	東晉 曇無蘭譯	1
	1328	0478	(行)	0479	(行)	佛說咒目經	東晉 竺曇無蘭譯	1
能08	1338	0327	(能)	0328	(能)	咒三首經	唐 地婆訶羅譯	1
行03	1326	0476	(行)	0477	(行)	佛說咒時氣病經	東晉 竺曇無蘭譯	1
	1034	0325	(能)	0326	(能)	咒五首	唐 玄奘譯	1
	1329	0479	(行)	0480	(行)	佛說咒小兒經	東晉 竺曇無蘭譯	1
彼09	0683	0378	(彼)	0379	(彼)	佛說諸德福田經	西晉 法立法炬共譯	1
緣10	0059	0585	(緣)	0586	(緣)	諸法本經	吳 支謙譯	1
五10	0651	0159	(五)	0159	(五)	佛說諸法本無經	隋 闍那崛多譯	3
常02	0650	0160	(常)	0160	(常)	諸法無行經	姚秦 鳩摩羅什譯	2
途10	1923	1535	(除)	1478	(轂)	諸法無諍三昧法門	陳 慧思撰	2
潔01	0822	0208	(潔)	0209	(潔)	佛說諸法勇王經	劉宋 曇摩蜜多譯	1
行10	0824	0502	(行)	0503	(行)	諸法最上王經	隋 闍那崛多譯	1
行05	1346	0490	(行)	0491	(行)	諸佛集會陀羅尼經	唐 提雲般若等譯	1
臨02	0439	0860	(臨)	0861	(臨)	佛說諸佛經	宋 施護譯	1
赤10		1610	(紫-赤)			諸佛世尊如來菩薩尊者名稱歌曲	明太宗朱棣制	51
門10		1609	(雲-門)	1622	(載南)	諸佛世尊如來菩薩尊者神僧名經	明 太宗御製	20
行04	0918	0484	(行)	0485	(行)	諸佛心陀羅尼經	唐 玄奘譯	1
則09	0919	0819	(則)	0820	(則)	諸佛心印陀羅尼經	宋 法天譯	1
靡07	0810	0396	(靡)	0397	(靡)	諸佛要集經	西晉 竺法護譯	2
槐10	2123	1466	(路俠槐)	1533	(回漢惠)	諸經要集	唐 道世集	20
右10	1658	1307	(右)	1308	(右)	諸教決定名義論	慈氏菩薩造　宋 施護譯	1
率01	0282	0103	(率)	0103	(率)	諸菩薩求佛本業經	西晉 聶道真譯	1
忠04	0758	0795	(忠)	0796	(忠)	佛說諸行有為經	宋 法天譯	1
慶10	0109	0652	(慶)	0653	(慶)	佛說轉法輪經	後漢 安世高譯	1
	1533	1197	(顛)	1198	(顛)	轉法輪經憂波提舍	天親菩薩造　元魏 毘目智仙譯	1
男01	0564	0232	(男)	0233	(男)	佛說轉女身經	劉宋 曇摩蜜多譯	1
沛05	1587	1206	(沛)	1207	(沛)	轉識論	陳 真諦譯	1
良10	0576	0279	(良)	0280	(良)	佛說轉有經	元魏 佛陀扇多譯	1
承10	0200	1316	(承)	1317	(承)	撰集百緣經	吳 支謙譯	10
漆09	2026	1457	(漆)	1458	(漆)	撰集三藏及雜藏傳	失譯	1
竭09	1050	0776	(竭)	0777	(竭)	佛說大乘莊嚴寶王經	宋 天息災譯	4
弗03	1604	1182	(次弗)	1183	(次弗)	大乘莊嚴經論	無著菩薩造　唐 波羅頗蜜多羅譯	13
壹03	0307	0095	(壹)	0095	(壹)	佛說莊嚴菩提心經	姚秦 鳩摩羅什譯	1
行07	1375	0499	(行)	0500	(行)	佛說莊嚴王陀羅尼咒經	唐 義淨譯	1
隸09	0879	1445	(隸)	1446	(隸)	金剛頂瑜伽三十七尊禮	唐 不空譯	1
投08	1595	1164b	(連-投)	1165d	(枝,投)	攝大乘論釋	世親菩薩釋　陳 真諦譯	15
	1596	1164c		1165c	(交)	攝大乘論釋論	世親菩薩造　隋 笈多共行矩等譯	10
投08	1597	1164a		1165b	(友)	攝大乘論釋	世親菩薩造　唐 玄奘譯	10
投08	1598	1164d		1165a	(連)	攝大乘論釋	無性菩薩造　唐 玄奘譯	10